,Type,Symbol,Description,Close,LastWaveStart,LastwaveEnd,LastWavePeriod,LastWaveValueGain,CurrentWaveStart,CurrentPeriod,CurrentValueGain,TRelative,GainRelative,Congruence,P,DeltaN,YieldEst,GainPerDayCurrent,GainPerDayEstimated,Boll-2MA,MA2Boll+,RSI
0,bdr,NVDC34.SA,NVIDIA CORP DRN,28.21,2021-05-13,2021-11-25,196 days 00:00:00.000000000,99.77,2022-03-14,10 days 00:00:00.000000000,19.22,5.1,19.27,14.17,1.46,186,80.55,192.24,43.3,False,True,66.35
1,bdr,SSFO34.SA,SALESFORCE  DRN,47.33,2021-05-19,2021-11-04,169 days 00:00:00.000000000,43.46,2022-02-23,29 days 00:00:00.000000000,6.4,17.16,14.73,-2.43,4.29,140,37.06,22.07,26.47,False,True,52.47
2,bdr,MSFT34.SA,MICROSOFT   DRN,61.26,2021-06-02,2021-12-29,210 days 00:00:00.000000000,45.08,2022-03-08,16 days 00:00:00.000000000,2.89,7.62,6.42,-1.2,2.91,194,42.19,18.08,21.75,False,True,51.42
3,bdr,CMCS34.SA,COMCAST     DRN,45.0,2021-12-09,2022-01-17,39 days 00:00:00.000000000,7.5,2022-02-23,29 days 00:00:00.000000000,-4.49,74.36,-59.96,-134.32,-0.44,10,11.99,-15.5,119.92,True,False,33.84
4,bdr,BERK34.SA,BERKSHIRE   DRN,84.89,2021-09-22,2022-01-10,110 days 00:00:00.000000000,22.87,2022-02-23,29 days 00:00:00.000000000,7.04,26.36,30.78,4.41,9.02,81,15.83,24.27,19.55,False,True,59.97
5,bdr,B1NT34.SA,BIONTECH SE DRN,102.86,2021-10-06,2021-11-29,54 days 00:00:00.000000000,45.0,2022-03-07,17 days 00:00:00.000000000,20.15,31.48,44.77,13.29,3.64,37,24.85,118.52,67.17,False,True,63.26
6,bdr,TSLA34.SA,TESLA INC   DRN,152.8,2021-06-04,2021-11-04,153 days 00:00:00.000000000,84.43,2022-02-23,29 days 00:00:00.000000000,18.45,18.95,21.85,2.9,11.53,124,65.98,63.61,53.21,False,True,68.68
7,bdr,PFIZ34.SA,PFIZER      DRN,63.26,2021-10-15,2021-12-20,66 days 00:00:00.000000000,46.21,2022-03-08,16 days 00:00:00.000000000,4.72,24.24,10.21,-14.03,0.68,50,41.49,29.5,82.98,False,True,56.19
8,bdr,UNHH34.SA,UNITEDHEALTHDRN,70.6,2021-10-04,2021-12-29,86 days 00:00:00.000000000,32.49,2022-02-23,29 days 00:00:00.000000000,6.95,33.72,21.38,-12.34,1.6,57,25.54,23.95,44.81,False,True,47.55
9,bdr,CHCM34.SA,CHARTER COMMDRN,45.05,2021-12-09,2022-01-03,25 days 00:00:00.000000000,6.21,2022-03-23,1 days 00:00:00.000000000,-3.57,4.0,-57.56,-61.56,-0.92,24,9.78,-357.41,40.77,True,False,44.88
10,bdr,EXXO34.SA,EXXON MOBIL DRN,100.29,2021-09-01,2022-03-08,188 days 00:00:00.000000000,49.67,2022-02-24,28 days 00:00:00.000000000,5.79,14.89,11.66,-3.23,2.76,160,43.88,20.69,27.43,True,False,40.89
11,bdr,U1BE34.SA,UBER TECH INDRN,41.84,2021-12-03,2022-01-04,32 days 00:00:00.000000000,18.47,2022-03-14,10 days 00:00:00.000000000,7.87,31.25,42.59,11.34,4.12,22,10.61,78.68,48.21,False,True,62.46
12,bdr,GOGL34.SA,ALPHABET    DRN A,91.1,2021-05-18,2021-12-23,219 days 00:00:00.000000000,34.72,2022-02-23,29 days 00:00:00.000000000,5.35,13.24,15.41,2.17,13.18,190,29.37,18.45,15.46,False,True,54.98
13,bdr,FBOK34.SA,META PLAT   DRN,38.09,2021-01-14,2021-09-08,237 days 00:00:00.000000000,42.81,2022-03-11,13 days 00:00:00.000000000,8.57,5.49,20.02,14.54,1.48,224,34.24,65.94,15.28,False,True,58.37
14,bdr,N1DA34.SA,NASDAQ INC  DRN,421.68,2021-05-18,2021-10-29,164 days 00:00:00.000000000,34.38,2022-03-10,14 days 00:00:00.000000000,0.1,8.54,0.28,-8.26,0.03,150,34.28,0.69,22.86,True,False,43.43
15,bdr,AAPL34.SA,APPLE       DRN,84.14,2021-11-12,2022-01-03,52 days 00:00:00.000000000,26.76,2022-03-14,10 days 00:00:00.000000000,7.24,19.23,27.05,7.82,3.97,42,19.52,72.37,46.47,False,True,54.44
16,bdr,COCA34.SA,COCA COLA   DRN,48.89,2021-10-01,2022-01-05,96 days 00:00:00.000000000,20.9,2022-03-10,14 days 00:00:00.000000000,-0.11,14.58,-0.52,-15.1,-0.03,82,21.01,-0.78,25.62,True,False,31.69
17,bdr,ULEV34.SA,UNILEVER    DRN,215.45,2021-09-02,2022-01-05,125 days 00:00:00.000000000,7.52,2022-03-24,0 days 00:00:00.000000000,-0.61,0.0,-8.16,-8.16,-0.89,125,8.13,-inf,6.51,True,False,31.42
18,bdr,DISB34.SA,WALT DISNEY DRN,45.0,2021-11-30,2022-01-04,35 days 00:00:00.000000000,7.25,2022-03-23,1 days 00:00:00.000000000,-2.56,2.86,-35.31,-38.16,-0.9,34,9.81,-256.03,28.86,True,False,40.83
19,bdr,BIDU34.SA,BAIDU INC   DRN,725.0,2021-12-03,2022-02-17,76 days 00:00:00.000000000,5.86,2022-03-14,10 days 00:00:00.000000000,23.02,13.16,392.8,379.65,1.04,66,-17.16,230.25,-26.0,False,True,48.7
20,bdr,AMZO34.SA,AMAZON      DRN,100.76,2021-08-17,2021-11-19,94 days 00:00:00.000000000,18.3,2022-03-08,16 days 00:00:00.000000000,12.34,17.02,67.46,50.44,1.36,78,5.95,77.14,7.63,False,True,62.03
21,bdr,NFLX34.SA,NETFLIX     DRN,36.51,2021-06-10,2021-10-29,141 days 00:00:00.000000000,47.56,2022-03-14,10 days 00:00:00.000000000,6.3,7.09,13.24,6.15,2.57,131,41.26,62.96,31.5,True,False,50.04
22,bdr,BKNG34.SA,BOOKING     DRN,62.35,2021-12-14,2022-01-04,21 days 00:00:00.000000000,14.29,2022-03-07,17 days 00:00:00.000000000,10.04,80.95,70.26,-10.69,6.01,4,4.25,59.08,106.26,False,True,58.29
23,bdr,M1RN34.SA,MODERNA INC DRN,87.41,2021-11-19,2021-11-29,10 days 00:00:00.000000000,42.04,2022-03-07,17 days 00:00:00.000000000,25.93,170.0,61.68,-108.32,0.56,-7,16.11,152.54,-230.16,False,True,69.61
24,bdr,MELI34.SA,MERCADOLIBREDRN,49.3,2021-12-03,2021-12-29,26 days 00:00:00.000000000,18.0,2022-02-22,30 days 00:00:00.000000000,25.76,115.38,143.14,27.75,5.35,-4,-7.76,85.88,194.1,False,True,58.97
25,bdr,TEXA34.SA,TEXAS INC   DRN,59.4,2021-11-16,2021-12-07,21 days 00:00:00.000000000,7.09,2022-02-23,29 days 00:00:00.000000000,5.99,138.1,84.49,-53.6,1.55,-8,1.1,20.66,-13.75,False,True,57.78
26,bdr,JNJB34.SA,JOHNSON     DRN,56.22,2021-09-22,2022-01-05,105 days 00:00:00.000000000,14.24,2022-02-23,29 days 00:00:00.000000000,4.19,27.62,29.45,1.84,35.25,76,10.05,14.46,13.22,True,False,46.53
27,bdr,FCXO34.SA,FREEPORT    DRN,247.91,2021-12-16,2022-03-04,78 days 00:00:00.000000000,21.31,2022-01-28,55 days 00:00:00.000000000,22.67,70.51,106.39,35.88,3.05,23,-1.36,41.22,-5.92,False,True,45.17
28,bdr,A1MD34.SA,ADVANCED MICDRN,582.0,2021-09-29,2021-11-29,61 days 00:00:00.000000000,52.66,2022-03-14,10 days 00:00:00.000000000,9.34,16.39,17.74,1.34,51.56,51,43.32,93.41,84.94,False,True,56.03
29,bdr,COTY34.SA,COTY INC    DRN,21.1,2022-02-03,2022-02-17,14 days 00:00:00.000000000,8.28,2022-03-07,17 days 00:00:00.000000000,3.35,121.43,40.43,-81.0,0.49,-3,4.93,19.69,-164.39,True,False,53.49
30,bdr,FDXB34.SA,FEDEX CORP  DRN,1071.15,2021-12-01,2022-01-05,35 days 00:00:00.000000000,15.3,2022-03-07,17 days 00:00:00.000000000,-0.54,48.57,-3.54,-52.11,-0.07,18,15.84,-3.19,88.02,True,False,48.2
31,bdr,UPSS34.SA,UPS         DRN,64.73,2021-12-01,2022-01-04,34 days 00:00:00.000000000,9.5,2022-02-23,29 days 00:00:00.000000000,-1.64,85.29,-17.25,-102.55,-0.17,5,11.14,-5.65,222.79,True,False,45.64
32,bdr,COWC34.SA,COSTCO      DRN,67.33,2021-06-11,2021-12-29,201 days 00:00:00.000000000,53.96,2022-02-25,27 days 00:00:00.000000000,5.95,13.43,11.03,-2.41,3.24,174,48.01,22.03,27.59,False,True,52.69
33,bdr,UPAC34.SA,UNIONPACIFICDRN,327.68,2021-10-05,2022-01-05,92 days 00:00:00.000000000,31.84,2022-02-22,30 days 00:00:00.000000000,3.45,32.61,10.85,-21.76,0.48,62,28.38,11.51,45.78,False,True,46.15
34,bdr,CSXC34.SA,CSX CORP    DRN,88.16,2021-11-12,2022-01-07,56 days 00:00:00.000000000,9.38,2022-03-10,14 days 00:00:00.000000000,-4.03,25.0,-43.01,-68.01,-0.62,42,13.41,-28.8,31.92,True,False,50.31
35,bdr,N1SC34.SA,NORFOLK SOUTDRN,348.5,2021-09-13,2021-12-29,107 days 00:00:00.000000000,28.47,2022-02-25,27 days 00:00:00.000000000,-1.67,25.23,-5.87,-31.11,-0.18,80,30.14,-6.19,37.68,False,True,
36,bdr,CSCO34.SA,CISCO       DRN,52.5,2021-06-24,2021-12-29,188 days 00:00:00.000000000,36.29,2022-03-24,0 days 00:00:00.000000000,-6.45,0.0,-17.78,-17.78,-0.95,188,42.74,-inf,22.73,False,False,32.17
37,bdr,MCDC34.SA,MCDONALDS   DRN,58.2,2021-06-29,2021-12-29,183 days 00:00:00.000000000,31.67,2022-03-10,14 days 00:00:00.000000000,4.93,7.65,15.58,7.93,2.25,169,26.73,35.24,15.82,True,False,46.6
38,bdr,WALM34.SA,WAL MART    DRN,43.02,2021-10-04,2021-11-01,28 days 00:00:00.000000000,14.31,2022-02-23,29 days 00:00:00.000000000,0.71,103.57,4.93,-98.64,0.05,-1,13.6,2.43,-1360.21,True,False,40.64
39,bdr,S2HO34.SA,SHOPIFY INC DRN,28.15,2021-10-04,2021-11-19,46 days 00:00:00.000000000,28.98,2022-03-14,10 days 00:00:00.000000000,22.0,21.74,75.93,54.19,1.43,36,6.97,220.02,19.37,False,True,57.93
40,bdr,EBAY34.SA,EBAY        DRN,137.88,2021-08-17,2021-10-22,66 days 00:00:00.000000000,14.19,2022-03-11,13 days 00:00:00.000000000,6.58,19.7,46.41,26.71,1.8,53,7.6,50.65,14.35,False,True,47.04
41,bdr,AVGO34.SA,BROADCOM INCDRN,85.92,2021-10-04,2021-12-23,80 days 00:00:00.000000000,47.19,2022-02-21,31 days 00:00:00.000000000,2.09,38.75,4.42,-34.33,0.13,49,45.1,6.73,92.05,False,True,48.68
42,bdr,VERZ34.SA,VERIZON     DRN,40.91,2021-09-22,2022-01-05,105 days 00:00:00.000000000,8.77,2022-03-24,0 days 00:00:00.000000000,-0.32,0.0,-3.61,-3.61,-0.78,105,9.09,-inf,8.66,True,False,19.11
43,bdr,P2IN34.SA,PINTERESTINCDRN,21.19,2021-10-11,2021-10-20,9 days 00:00:00.000000000,22.25,2022-03-14,10 days 00:00:00.000000000,7.97,111.11,35.84,-75.27,0.47,-1,14.28,79.74,-1427.67,False,True,53.84
44,bdr,ARMT34.SA,ARCELOR     DRN,81.75,2021-11-30,2022-01-13,44 days 00:00:00.000000000,30.16,2022-02-24,28 days 00:00:00.000000000,11.29,63.64,37.45,-26.19,1.38,16,18.86,40.33,117.9,False,True,73.42
45,bdr,VRTX34.SA,VERTEX PHARMDRN,303.3,2021-10-04,2022-02-02,121 days 00:00:00.000000000,32.69,2022-03-03,21 days 00:00:00.000000000,1.27,17.36,3.89,-13.47,0.27,100,31.42,6.05,31.42,True,False,51.63
46,bdr,FDMO34.SA,FORD MOTORS DRN,80.46,2021-09-09,2022-01-13,126 days 00:00:00.000000000,75.73,2022-03-24,0 days 00:00:00.000000000,-1.76,0.0,-2.32,-2.32,-0.7,126,77.48,-inf,61.5,True,False,39.48
47,bdr,CATP34.SA,CATERPILLAR DRN,66.92,2021-12-01,2022-01-17,47 days 00:00:00.000000000,14.64,2022-02-23,29 days 00:00:00.000000000,10.47,61.7,71.53,9.83,8.1,18,4.17,36.11,23.15,False,True,67.5
48,bdr,ABUD34.SA,AB INBEV    DRN,47.54,2021-11-30,2022-01-17,48 days 00:00:00.000000000,16.42,2022-03-08,16 days 00:00:00.000000000,5.37,33.33,32.7,-0.63,20.05,32,11.05,33.57,34.54,True,False,50.07
49,bdr,WFCO34.SA,WELLS FARGO DRN,61.56,2022-02-03,2022-02-10,7 days 00:00:00.000000000,5.91,2022-03-07,17 days 00:00:00.000000000,1.11,242.86,18.82,-224.04,0.08,-10,4.8,6.54,-47.98,True,False,50.76
50,cambio,USDBRL=X,USD/BRL,4.83,2021-09-10,2021-12-22,103 days 00:00:00.000000000,7.94,2022-03-24,1 days 00:00:00.000000000,-1.69,0.97,-21.28,-22.25,-0.92,102,9.63,-168.94,9.44,False,False,31.92
51,cambio,EURBRL=X,EUR/BRL,5.32,2021-11-16,2021-12-22,36 days 00:00:00.000000000,3.74,2022-03-24,1 days 00:00:00.000000000,-1.66,2.78,-44.46,-47.23,-0.92,35,5.4,-166.34,15.44,True,False,36.93
52,cambio,EURUSD=X,EUR/USD,1.1,2022-01-28,2022-02-17,20 days 00:00:00.000000000,1.18,2022-03-14,11 days 00:00:00.000000000,-0.05,55.0,-4.49,-59.49,-0.07,9,1.24,-0.48,13.73,True,False,60.26
53,cripto,BTC-USD,Bitcoin USD,43945.89,2022-01-22,2022-02-15,24 days 00:00:00.000000000,21.29,2022-02-21,32 days 00:00:00.000000000,16.06,133.33,75.44,-57.89,1.28,-8,5.23,50.18,-65.35,False,True,74.4
54,cripto,LTC-USD,Litecoin USD,125.51,2022-01-27,2022-02-09,13 days 00:00:00.000000000,28.07,2022-03-07,18 days 00:00:00.000000000,22.03,138.46,78.49,-59.98,1.29,-5,6.04,122.39,-120.78,False,True,78.37
55,cripto,ETH-USD,Ethereum USD,3119.92,2022-01-22,2022-02-09,18 days 00:00:00.000000000,25.11,2022-03-07,18 days 00:00:00.000000000,20.82,100.0,82.92,-17.08,4.59,0,4.29,115.69,inf,False,True,83.21
56,cripto,CET-USD,CoinEx Token USD,0.06,2022-01-23,2022-03-24,60 days 00:00:00.000000000,29.51,2022-02-24,29 days 00:00:00.000000000,17.81,48.33,60.34,12.0,5.48,31,11.71,61.4,37.76,False,True,75.73
57,cripto,SOL-USD,Solana USD,102.57,2022-01-27,2022-02-07,11 days 00:00:00.000000000,25.89,2022-03-14,11 days 00:00:00.000000000,26.99,100.0,104.23,4.23,32.28,0,-1.1,245.36,-inf,False,False,81.43
58,cripto,EGLD-USD,Elrond USD,188.96,2022-01-22,2022-02-12,21 days 00:00:00.000000000,40.34,2022-03-07,18 days 00:00:00.000000000,37.09,85.71,91.95,6.24,17.56,3,3.25,206.06,108.21,False,True,82.17
59,cripto,FTM-USD,Fantom USD,1.31,2021-12-14,2022-01-16,33 days 00:00:00.000000000,106.25,2022-03-14,11 days 00:00:00.000000000,16.96,33.33,15.96,-17.37,0.87,22,89.29,154.2,405.85,False,True,58.58
60,cripto,DOT-USD,Polkadot USD,20.77,2021-07-20,2021-11-04,107 days 00:00:00.000000000,178.63,2022-03-07,18 days 00:00:00.000000000,21.09,16.82,11.8,-5.02,1.96,89,157.55,117.14,177.02,False,True,72.74
61,cripto,ADA-USD,Cardano USD,1.13,2021-12-10,2022-01-17,38 days 00:00:00.000000000,27.1,2022-03-15,10 days 00:00:00.000000000,35.26,26.32,130.1,103.79,1.27,28,-8.16,352.57,-29.13,False,False,91.92
62,cripto,MATIC-USD,Polygon USD,1.61,2022-01-24,2022-02-09,16 days 00:00:00.000000000,26.02,2022-03-14,11 days 00:00:00.000000000,17.16,68.75,65.93,-2.82,17.27,5,8.87,155.98,177.3,False,True,70.35
63,cripto,LUNA1-USD,Terra USD,92.42,2021-10-19,2022-03-10,142 days 00:00:00.000000000,139.75,2022-01-30,54 days 00:00:00.000000000,73.27,38.03,52.43,14.4,3.91,88,66.48,135.68,75.55,False,True,55.31
64,cripto,AR-USD,Arweave USD,32.89,2021-12-13,2022-01-01,19 days 00:00:00.000000000,51.37,2022-02-23,30 days 00:00:00.000000000,28.75,157.89,55.97,-101.92,0.54,-11,22.62,95.83,-205.6,False,True,53.91
65,cripto,LINK-USD,Chainlink USD,15.97,2022-02-03,2022-02-07,4 days 00:00:00.000000000,18.12,2022-03-07,18 days 00:00:00.000000000,19.34,450.0,106.71,-343.29,0.31,-14,-1.22,107.43,8.69,False,True,75.39
66,cripto,CRO-USD,Crypto.com Coin USD,0.45,2022-01-22,2022-02-09,18 days 00:00:00.000000000,37.25,2022-03-13,12 days 00:00:00.000000000,14.97,66.67,40.18,-26.49,1.46,6,22.28,124.71,371.34,False,False,76.41
67,cripto,HNT-USD,Helium USD,24.89,2021-12-15,2022-01-04,20 days 00:00:00.000000000,43.28,2022-03-14,11 days 00:00:00.000000000,22.54,55.0,52.09,-2.91,13.32,9,20.73,204.94,230.38,False,True,68.34
68,cripto,ATOM-USD,Cosmos USD,29.16,2021-12-14,2022-01-16,33 days 00:00:00.000000000,78.07,2022-02-21,32 days 00:00:00.000000000,16.26,96.97,20.83,-76.14,0.27,1,61.8,50.82,6180.49,False,True,60.68
69,cripto,BNB-USD,Binance Coin USD,412.04,2022-01-22,2022-02-07,16 days 00:00:00.000000000,13.6,2022-02-21,32 days 00:00:00.000000000,9.69,200.0,71.22,-128.78,0.55,-16,3.91,30.27,-24.47,False,True,72.74
70,cripto,ALGO-USD,Algorand USD,0.9,2021-12-20,2021-12-27,7 days 00:00:00.000000000,20.96,2022-03-13,12 days 00:00:00.000000000,25.93,171.43,123.7,-47.73,2.54,-5,-4.97,216.11,99.38,False,True,58.96
71,cripto,AVAX-USD,Avalanche USD,84.97,2022-01-22,2022-02-16,25 days 00:00:00.000000000,41.83,2022-03-14,11 days 00:00:00.000000000,23.32,44.0,55.75,11.75,5.18,14,18.51,212.01,132.2,False,True,67.12
72,cripto,FIL-USD,Filecoin USD,19.25,2022-01-25,2022-02-08,14 days 00:00:00.000000000,30.19,2022-03-15,10 days 00:00:00.000000000,10.16,71.43,33.65,-37.78,0.87,4,20.03,101.59,500.76,False,True,65.87
73,cripto,AXS-USD,Axie Infinity USD,72.74,2022-01-28,2022-03-25,56 days 00:00:00.000000000,54.83,2022-03-13,12 days 00:00:00.000000000,47.66,21.43,86.92,65.49,1.35,44,7.17,397.13,16.29,False,False,87.05
74,cripto,MANA-USD,Decentraland USD,2.62,2022-01-22,2022-02-08,17 days 00:00:00.000000000,48.29,2022-03-15,10 days 00:00:00.000000000,13.79,58.82,28.56,-30.26,0.91,7,34.5,137.94,492.86,False,True,66.28
75,cripto,THETA-USD,THETA USD,3.21,2022-01-24,2022-02-10,17 days 00:00:00.000000000,42.0,2022-02-24,29 days 00:00:00.000000000,22.01,170.59,52.39,-118.2,0.44,-12,20.0,75.88,-166.65,False,True,67.13
76,fii,KNRI11.SA,FII KINEA   CI,136.4,2021-11-30,2022-03-18,108 days 00:00:00.000000000,12.14,2022-02-24,28 days 00:00:00.000000000,3.81,25.93,31.4,5.47,7.02,80,8.33,13.62,10.41,False,True,58.84
77,fii,HGRE11.SA,FII HG REAL CI,123.2,2021-11-23,2022-01-17,55 days 00:00:00.000000000,19.11,2022-03-14,10 days 00:00:00.000000000,1.84,18.18,9.61,-8.58,1.0,45,17.27,18.35,38.38,True,False,44.01
78,fii,RBVO11.SA,FII RIOBCRI2CI,12.48,2021-05-03,2021-10-15,165 days 00:00:00.000000000,31.52,2022-03-14,10 days 00:00:00.000000000,0.44,6.06,1.39,-4.67,0.24,155,31.09,4.37,20.06,False,True,51.23
79,fii,HGLG11.SA,FII CSHG LOGCI,161.6,2021-11-25,2022-01-20,56 days 00:00:00.000000000,11.47,2022-03-21,3 days 00:00:00.000000000,0.5,5.36,4.33,-1.03,2.14,53,10.97,16.55,20.7,True,False,31.69
80,fii,NPAR11.SA,FII NESTPAR CI,12.35,2021-08-30,2021-10-29,60 days 00:00:00.000000000,7.44,2021-12-02,112 days 00:00:00.000000000,10.79,186.67,145.06,-41.61,3.4,-52,-3.35,9.63,6.44,False,True,62.2
81,fii,PPLA11.SA,PPLA        UNT,7.36,2022-01-10,2022-02-04,25 days 00:00:00.000000000,51.24,2022-03-14,10 days 00:00:00.000000000,0.84,40.0,1.64,-38.36,0.04,15,50.4,8.41,336.0,True,False,45.62
82,fii,IRDM11.SA,FII IRIDIUM CI  ER,108.09,2021-12-17,2022-02-07,52 days 00:00:00.000000000,8.71,2022-03-18,6 days 00:00:00.000000000,1.26,11.54,14.44,2.91,7.58,46,7.45,20.96,16.19,False,True,49.76
83,fii,BCRI11.SA,FII BEES CRICI,111.21,2021-09-08,2022-03-03,176 days 00:00:00.000000000,3.41,2021-12-02,112 days 00:00:00.000000000,8.72,63.64,255.27,191.63,1.34,64,-5.3,7.78,-8.28,False,True,53.16
84,fii,MFII11.SA,FII MERITO ICI,103.7,2021-11-24,2021-12-29,35 days 00:00:00.000000000,10.01,2022-03-21,3 days 00:00:00.000000000,1.17,8.57,11.66,3.09,5.58,32,8.84,38.89,27.62,True,False,38.43
85,fii,VRTA11.SA,FII FATOR VECI,102.8,2021-07-02,2021-07-30,28 days 00:00:00.000000000,5.17,2021-12-02,112 days 00:00:00.000000000,4.43,400.0,85.69,-314.31,0.27,-84,0.74,3.95,-0.88,True,False,36.79
86,fii,SARE11.SA,FII SANT RENCI,68.46,2021-11-30,2022-01-31,62 days 00:00:00.000000000,14.36,2022-03-21,3 days 00:00:00.000000000,-0.76,4.84,-5.3,-10.14,-0.48,59,15.12,-25.36,25.63,True,False,44.96
87,fii,HABT11.SA,FII HABIT IICI,106.7,2021-12-15,2022-01-27,43 days 00:00:00.000000000,6.12,2022-03-14,10 days 00:00:00.000000000,2.54,23.26,41.44,18.18,2.41,33,3.58,25.36,10.86,False,True,55.01
88,fii,HSML11.SA,FII HSI MALLCI,75.0,2021-11-26,2021-12-30,34 days 00:00:00.000000000,15.67,2022-03-17,7 days 00:00:00.000000000,1.07,20.59,6.8,-13.78,0.46,27,14.6,15.23,54.09,False,True,44.03
89,fii,RBRF11.SA,FII RBRALPHACI  ER,68.0,2021-12-01,2021-12-30,29 days 00:00:00.000000000,14.63,2022-03-23,1 days 00:00:00.000000000,0.38,3.45,2.63,-0.82,1.44,28,14.24,38.43,50.87,True,False,9.7
90,fii,BRCO11.SA,FII BRESCO  CI,96.4,2021-11-26,2022-01-04,39 days 00:00:00.000000000,21.64,2022-03-15,9 days 00:00:00.000000000,-0.29,23.08,-1.32,-24.4,-0.05,30,21.93,-3.18,73.1,True,False,30.15
91,fii,XPLG11.SA,FII XP LOG  CI,98.75,2021-11-25,2021-12-30,35 days 00:00:00.000000000,14.52,2022-02-24,28 days 00:00:00.000000000,6.41,80.0,44.17,-35.83,1.2,7,8.11,22.91,115.8,False,True,55.21
92,fii,MALL11.SA,FII MALLS BPCI,99.53,2021-08-17,2022-03-22,217 days 00:00:00.000000000,9.57,2021-11-24,120 days 00:00:00.000000000,18.63,55.3,194.73,139.43,1.41,97,-9.06,15.53,-9.34,False,True,51.35
93,fii,JSRE11.SA,FII JS REAL CI,70.17,2021-11-23,2021-12-30,37 days 00:00:00.000000000,18.61,2022-03-24,0 days 00:00:00.000000000,-3.21,0.0,-17.27,-17.27,-0.95,37,21.82,-inf,58.98,False,False,15.73
94,fii,MGFF11.SA,FII MOGNO   CI  ER,62.83,2021-11-30,2022-01-17,48 days 00:00:00.000000000,14.14,2022-03-11,13 days 00:00:00.000000000,2.75,27.08,19.46,-7.63,2.26,35,11.39,21.16,32.53,False,True,54.88
95,fii,XPSF11.SA,FII XP SELECCI,69.71,2021-11-24,2021-12-30,36 days 00:00:00.000000000,16.25,2022-03-21,3 days 00:00:00.000000000,0.27,8.33,1.64,-6.7,0.21,33,15.98,8.86,48.43,True,False,48.99
96,fii,BTLG11.SA,FII BTLG    CI  ERS,103.94,2021-11-25,2021-12-30,35 days 00:00:00.000000000,8.9,2022-02-24,28 days 00:00:00.000000000,1.26,80.0,14.12,-65.88,0.21,7,7.65,4.49,109.21,False,True,58.9
97,fii,RECR11.SA,FII REC RECECI  ER,99.77,2021-11-24,2022-02-04,72 days 00:00:00.000000000,6.87,2022-02-24,28 days 00:00:00.000000000,0.63,38.89,9.14,-29.75,0.3,44,6.25,2.24,14.19,False,True,38.75
98,fii,KNIP11.SA,FII KINEA IPCI,100.92,2021-11-09,2021-12-30,51 days 00:00:00.000000000,4.94,2022-03-15,9 days 00:00:00.000000000,2.82,17.65,57.21,39.56,1.48,42,2.11,31.38,5.03,False,True,67.32
99,fii,HGCR11.SA,FII CSHG CRICI,105.43,2021-06-28,2021-10-01,95 days 00:00:00.000000000,6.04,2021-11-26,118 days 00:00:00.000000000,5.02,124.21,83.03,-41.18,1.97,-23,1.03,4.25,-4.46,False,False,64.8
100,index,^BVSP,IBOVESPA,119053.0,2021-03-08,2021-06-07,91 days 00:00:00.000000000,13.09,2022-01-05,78 days 00:00:00.000000000,14.36,85.71,109.74,24.03,4.77,13,-1.27,18.41,-9.81,False,False,60.9
101,index,^IXIC,NASDAQ Composite,14191.84,2021-10-04,2021-11-19,46 days 00:00:00.000000000,9.87,2022-03-14,10 days 00:00:00.000000000,10.19,21.74,103.26,81.52,1.28,36,-0.32,101.89,-0.89,False,True,61.72
102,index,^GSPC,S&P 500,4520.16,2021-10-04,2022-01-03,91 days 00:00:00.000000000,9.86,2022-03-08,16 days 00:00:00.000000000,7.45,17.58,75.63,58.04,1.33,75,2.4,46.58,3.2,False,True,61.5
103,index,^DJI,Dow Jones Industrial Average,34707.94,2021-09-30,2022-01-04,96 days 00:00:00.000000000,7.01,2022-03-08,16 days 00:00:00.000000000,5.68,16.67,81.02,64.35,1.28,80,1.33,35.51,1.66,False,True,60.84
104,index,^MERV,MERVAL,90106.6,2021-07-19,2021-11-08,112 days 00:00:00.000000000,43.62,2021-11-29,114 days 00:00:00.000000000,12.99,101.79,29.78,-72.01,0.41,-2,30.63,11.39,-1531.62,False,True,46.58
105,index,^NYA,NYSE COMPOSITE (DJ),16701.82,2021-12-03,2022-01-12,40 days 00:00:00.000000000,5.29,2022-03-08,16 days 00:00:00.000000000,6.23,40.0,117.61,77.61,1.54,24,-0.93,38.91,-3.88,False,True,61.39
106,index,^XAX,NYSE AMEX COMPOSITE INDEX,4124.62,2020-10-01,2022-03-24,539 days 00:00:00.000000000,80.48,2021-08-19,217 days 00:00:00.000000000,35.59,40.26,44.22,3.96,14.93,322,44.89,16.4,13.94,False,True,52.54
107,index,^BUK100P,Cboe UK 100,741.43,2021-09-21,2022-02-10,142 days 00:00:00.000000000,10.67,2022-03-08,17 days 00:00:00.000000000,6.56,11.97,61.48,49.51,1.27,125,4.11,38.6,3.29,False,True,81.11
108,index,^RUT,Russell 2000,2075.44,2021-08-19,2021-11-08,81 days 00:00:00.000000000,12.75,2022-01-27,56 days 00:00:00.000000000,5.5,69.14,43.13,-26.01,1.6,25,7.25,9.82,29.0,False,True,58.56
109,index,^VIX,CBOE Volatility Index,22.27,2021-11-03,2022-03-07,124 days 00:00:00.000000000,124.43,2022-03-24,1 days 00:00:00.000000000,-5.29,0.81,-4.25,-5.06,-0.7,123,129.73,-529.23,105.47,True,False,14.05
110,index,^FTSE,FTSE 100,7452.29,2021-12-03,2022-02-10,69 days 00:00:00.000000000,7.52,2022-03-07,18 days 00:00:00.000000000,6.54,26.09,86.91,60.82,1.45,51,0.98,36.31,1.93,False,True,81.83
111,index,^GDAXI,DAX PERFORMANCE-INDEX,14291.2,2021-12-03,2022-01-05,33 days 00:00:00.000000000,6.52,2022-03-08,17 days 00:00:00.000000000,11.21,51.52,171.92,120.41,1.44,16,-4.69,65.94,-29.31,False,True,74.48
112,index,^FCHI,CAC 40,6559.46,2021-12-03,2022-01-05,33 days 00:00:00.000000000,8.32,2022-03-08,17 days 00:00:00.000000000,9.6,51.52,115.35,63.84,1.84,16,-1.28,56.45,-7.98,False,True,72.37
113,index,^STOXX50E,ESTX 50 PR.EUR,3865.13,2021-12-03,2022-01-05,33 days 00:00:00.000000000,6.82,2022-03-08,17 days 00:00:00.000000000,10.0,51.52,146.55,95.04,1.56,16,-3.18,58.83,-19.85,False,True,72.7
114,index,^N100,Euronext 100 Index,1258.6,2021-12-03,2022-01-05,33 days 00:00:00.000000000,6.08,2022-03-08,17 days 00:00:00.000000000,9.27,51.52,152.48,100.96,1.53,16,-3.19,54.55,-19.95,False,True,74.76
115,index,^BFX,BEL 20,4122.55,2021-12-14,2022-01-04,21 days 00:00:00.000000000,5.13,2022-03-08,17 days 00:00:00.000000000,11.55,80.95,225.16,144.21,1.57,4,-6.42,67.91,-160.44,False,True,81.54
116,index,IMOEX.ME,MOEX Russia Index,2500.86,2022-01-24,2022-02-16,23 days 00:00:00.000000000,6.34,2022-02-24,29 days 00:00:00.000000000,-12.02,126.09,-189.47,-315.56,-0.6,-6,18.36,-41.43,-305.94,True,False,31.71
117,index,^N225,Nikkei 225,28149.84,2021-10-13,2021-11-16,34 days 00:00:00.000000000,5.56,2022-03-09,16 days 00:00:00.000000000,12.93,47.06,232.48,185.42,1.26,18,-7.37,80.84,-40.95,False,True,68.8
118,index,^HSI,HANG SENG INDEX,21404.88,2021-12-20,2022-01-21,32 days 00:00:00.000000000,7.54,2022-03-15,10 days 00:00:00.000000000,10.05,31.25,133.24,101.99,1.32,22,-2.51,100.5,-11.4,False,True,52.11
119,index,000001.SS,SSE Composite Index,3212.24,2021-11-05,2021-12-13,38 days 00:00:00.000000000,4.32,2022-03-15,10 days 00:00:00.000000000,-0.14,26.32,-3.22,-29.53,-0.11,28,4.46,-1.39,15.94,True,False,38.22
120,index,399001.SZ,Shenzhen Component,12072.73,2021-10-12,2021-12-13,62 days 00:00:00.000000000,5.86,2022-03-15,10 days 00:00:00.000000000,0.31,16.13,5.25,-10.88,0.44,52,5.55,3.07,10.67,True,False,41.78
121,index,^JKSE,Composite Index,7002.53,2021-02-02,2022-03-24,415 days 00:00:00.000000000,15.82,2021-05-24,305 days 00:00:00.000000000,19.89,73.49,125.74,52.24,2.45,110,-4.07,6.52,-3.7,False,True,63.55
122,index,MSCI,MSCI Inc,495.73,2021-10-04,2021-11-16,43 days 00:00:00.000000000,10.6,2022-03-11,13 days 00:00:00.000000000,6.72,30.23,63.38,33.15,1.97,30,3.88,51.67,12.93,False,True,49.46
123,index,^TNX,CBOE Interest Rate 10 Year T No,2.34,2020-08-04,2022-03-22,595 days 00:00:00.000000000,169.51,2021-08-02,234 days 00:00:00.000000000,72.34,39.33,42.67,3.35,18.18,361,97.17,30.91,26.92,False,True,87.48
124,bov,GGBR4.SA,GERDAU      PN      N1,30.88,2021-11-10,2022-03-24,134 days 00:00:00.000000000,28.69,2022-02-24,28 days 00:00:00.000000000,24.79,20.9,86.42,65.52,1.34,106,3.9,88.54,3.68,False,True,57.8
125,bov,SUZB3.SA,SUZANO S.A. ON      NM,60.37,2021-10-27,2022-03-18,142 days 00:00:00.000000000,27.29,2022-02-23,29 days 00:00:00.000000000,6.66,20.42,24.42,4.0,8.14,113,20.62,22.98,18.25,False,True,58.82
126,bov,HAPV3.SA,HAPVIDA     ON      NM,11.39,2021-10-26,2021-11-11,16 days 00:00:00.000000000,15.26,2022-01-05,78 days 00:00:00.000000000,16.52,487.5,108.2,-379.3,0.28,-62,-1.25,21.17,2.02,True,False,41.96
127,bov,BBDC4.SA,BRADESCO    PN      N1,22.08,2021-12-30,2022-02-04,36 days 00:00:00.000000000,17.68,2022-03-07,17 days 00:00:00.000000000,10.6,47.22,59.95,12.73,5.11,19,7.08,62.34,37.26,False,True,76.34
128,bov,ABEV3.SA,AMBEV S/A   ON,14.2,2021-10-22,2021-11-05,14 days 00:00:00.000000000,17.29,2022-03-11,13 days 00:00:00.000000000,6.05,92.86,34.99,-57.87,0.59,1,11.24,46.53,1123.96,False,True,54.1
129,bov,VIVT3.SA,TELEF BRASILON,53.4,2021-07-27,2022-03-22,238 days 00:00:00.000000000,32.6,2022-01-14,69 days 00:00:00.000000000,13.19,28.99,40.47,11.47,3.86,169,19.41,19.12,11.48,False,True,87.42
130,bov,WEGE3.SA,WEG         ON      NM,33.13,2021-11-30,2021-12-16,16 days 00:00:00.000000000,9.63,2022-01-10,73 days 00:00:00.000000000,14.45,456.25,150.03,-306.22,0.49,-57,-4.82,19.79,8.45,False,True,58.62
131,bov,NEOE3.SA,NEOENERGIA  ON      NM,16.98,2021-10-06,2021-12-03,58 days 00:00:00.000000000,20.83,2022-01-10,73 days 00:00:00.000000000,14.97,125.86,71.84,-54.02,1.31,-15,5.87,20.5,-39.1,False,False,68.15
132,bov,ETER3.SA,ETERNIT     ON      NM,17.4,2021-10-29,2021-12-28,60 days 00:00:00.000000000,45.99,2022-03-07,17 days 00:00:00.000000000,17.64,28.33,38.36,10.03,4.25,43,28.35,103.79,65.93,False,True,67.57
133,bov,ENEV3.SA,ENEVA       ON      NM,15.1,2022-01-07,2022-03-24,76 days 00:00:00.000000000,23.23,2022-03-14,10 days 00:00:00.000000000,24.05,13.16,103.53,90.37,1.16,66,-0.82,240.54,-1.24,False,False,67.69
134,bov,BPAC11.SA,BTGP BANCO  UNT     N2,26.55,2021-03-18,2021-07-26,130 days 00:00:00.000000000,33.16,2022-01-18,65 days 00:00:00.000000000,31.72,50.0,95.67,45.67,2.14,65,1.44,48.8,2.21,False,True,65.96
135,bov,CSNA3.SA,SID NACIONALON,26.7,2021-11-18,2022-03-04,106 days 00:00:00.000000000,37.13,2022-03-15,9 days 00:00:00.000000000,9.61,8.49,25.89,17.39,1.58,97,27.52,106.79,28.37,False,True,39.33
136,bov,ITUB4.SA,ITAUUNIBANCOPN      N1,27.42,2021-12-30,2022-03-24,84 days 00:00:00.000000000,26.59,2022-03-08,16 days 00:00:00.000000000,12.97,19.05,48.77,29.73,1.7,68,13.62,81.06,20.03,False,True,76.19
137,bov,VALE3.SA,VALE        ON  ED  NM,96.91,2021-02-02,2021-07-28,176 days 00:00:00.000000000,33.71,2021-11-18,126 days 00:00:00.000000000,46.48,71.59,137.9,66.31,2.11,50,-12.78,36.89,-25.55,False,True,48.09
138,bov,PETR4.SA,PETROBRAS   PN      N2,32.38,2021-08-04,2022-03-02,210 days 00:00:00.000000000,46.8,2021-09-20,185 days 00:00:00.000000000,41.25,88.1,88.13,0.04,91.55,25,5.55,22.3,22.22,True,False,41.33
139,bov,CAML3.SA,CAMIL       ON      NM,9.21,2021-11-29,2021-12-30,31 days 00:00:00.000000000,19.65,2022-03-14,10 days 00:00:00.000000000,1.92,32.26,9.78,-22.48,0.42,21,17.73,19.22,84.43,False,True,53.77
140,bov,TOTS3.SA,TOTVS       ON      NM,34.85,2021-10-22,2021-11-11,20 days 00:00:00.000000000,11.35,2022-01-18,65 days 00:00:00.000000000,33.69,325.0,296.9,-28.1,10.2,-45,-22.34,51.84,49.66,False,False,63.39
141,bov,USIM5.SA,USIMINAS    PNA     N1,14.38,2021-11-05,2022-02-09,96 days 00:00:00.000000000,36.19,2022-03-15,9 days 00:00:00.000000000,3.16,9.38,8.72,-0.65,5.27,87,33.03,35.07,37.97,True,False,34.54
142,bov,RADL3.SA,RAIADROGASILON      NM,23.29,2021-12-02,2021-12-30,28 days 00:00:00.000000000,11.23,2022-01-24,59 days 00:00:00.000000000,11.22,210.71,99.92,-110.8,0.89,-31,0.01,19.02,-0.03,False,True,44.9
143,bov,GFSA3.SA,GAFISA      ON      NM,1.78,2022-01-11,2022-02-03,23 days 00:00:00.000000000,23.2,2022-03-14,10 days 00:00:00.000000000,10.43,43.48,44.96,1.48,93.66,13,12.77,104.32,98.25,False,True,57.69
144,bov,MEAL3.SA,IMC S/A     ON      NM,3.05,2022-01-18,2022-03-24,65 days 00:00:00.000000000,38.28,2022-03-07,17 days 00:00:00.000000000,21.26,26.15,55.53,29.37,1.96,48,17.02,125.03,35.47,False,False,70.07
145,bov,UNIP3.SA,UNIPAR      ON,100.53,2021-11-04,2022-03-18,134 days 00:00:00.000000000,36.18,2022-01-27,56 days 00:00:00.000000000,12.17,41.79,33.65,-8.14,3.68,78,24.0,21.74,30.77,False,True,60.22
146,bov,CVCB3.SA,CVC BRASIL  ON      NM,15.42,2022-01-18,2022-03-24,65 days 00:00:00.000000000,36.0,2022-03-14,10 days 00:00:00.000000000,40.21,15.38,111.68,96.3,1.17,55,-4.21,402.09,-7.65,False,False,72.38
147,bov,LREN3.SA,LOJAS RENNERON      NM,27.65,2022-01-05,2022-01-28,23 days 00:00:00.000000000,22.06,2022-03-14,10 days 00:00:00.000000000,20.21,43.48,91.63,48.15,1.94,13,1.85,202.14,14.21,False,False,64.7
148,bov,BOBR4.SA,BOMBRIL     PN,1.49,2021-05-28,2021-06-10,13 days 00:00:00.000000000,34.8,2022-03-09,15 days 00:00:00.000000000,4.9,115.38,14.08,-101.3,0.14,-2,29.9,32.67,-1494.95,False,True,58.82
149,bov,BRPR3.SA,BR PROPERT  ON      NM,8.4,2021-08-17,2021-09-13,27 days 00:00:00.000000000,10.8,2022-01-10,73 days 00:00:00.000000000,28.7,270.37,265.84,-4.53,48.06,-46,-17.91,39.32,38.93,False,True,65.5
150,bov,RAPT3.SA,RANDON PART ON      N1,9.7,2021-12-16,2022-01-07,22 days 00:00:00.000000000,2.75,2022-03-15,9 days 00:00:00.000000000,4.54,40.91,165.14,124.23,1.34,13,-1.79,50.48,-13.79,True,False,35.51
151,bov,POMO4.SA,MARCOPOLO   PN      N2,2.61,2021-08-16,2022-01-31,168 days 00:00:00.000000000,29.24,2022-03-14,10 days 00:00:00.000000000,11.09,5.95,37.92,31.96,1.22,158,18.15,110.86,11.49,False,True,49.48
152,bov,RAIL3.SA,RUMO S.A.   ON      NM,18.18,2021-10-29,2021-12-15,47 days 00:00:00.000000000,15.95,2022-02-07,45 days 00:00:00.000000000,19.1,95.74,119.75,24.01,5.2,2,-3.15,42.44,-157.5,False,False,73.22
153,bov,LAME4.SA,LAME4.SA,6.55,2021-10-04,2021-11-12,39 days 00:00:00.000000000,32.09,2022-01-10,11 days 00:00:00.000000000,23.66,28.21,73.73,45.52,1.66,28,8.43,215.07,30.11,False,False,63.64
154,bov,CCRO3.SA,CCR SA      ON      NM,14.08,2022-01-10,2022-03-24,73 days 00:00:00.000000000,23.87,2022-03-07,17 days 00:00:00.000000000,22.24,23.29,93.19,69.9,1.35,56,1.63,130.82,2.9,False,False,79.14
155,bov,GUAR3.SA,GUARARAPES  ON,11.35,2022-01-06,2022-02-16,41 days 00:00:00.000000000,45.09,2022-03-14,10 days 00:00:00.000000000,18.85,24.39,41.79,17.4,2.55,31,26.25,188.45,84.67,False,True,52.3
156,bov,CSAN3.SA,COSAN       ON      NM,24.52,2022-01-11,2022-03-24,72 days 00:00:00.000000000,23.02,2022-02-23,29 days 00:00:00.000000000,18.37,40.28,79.81,39.53,2.07,43,4.65,63.36,10.81,False,False,66.62
157,bov,SANB11.SA,SANTANDER BRUNT,35.86,2021-03-01,2021-06-07,98 days 00:00:00.000000000,23.04,2021-12-30,84 days 00:00:00.000000000,20.48,85.71,88.9,3.18,40.73,14,2.56,24.38,18.27,False,True,81.77
158,bov,MNPR3.SA,MINUPAR     ON,6.91,2021-09-08,2021-09-28,20 days 00:00:00.000000000,8.84,2022-02-24,28 days 00:00:00.000000000,16.58,140.0,187.56,47.56,4.03,-8,-7.74,59.21,96.74,False,False,87.5
159,bov,TAEE11.SA,TAESA       UNT     N2,43.82,2021-07-01,2022-03-24,266 days 00:00:00.000000000,22.44,2021-11-23,121 days 00:00:00.000000000,25.85,45.49,115.2,69.72,1.68,145,-3.41,21.37,-2.35,False,False,72.49
160,bov,CMIG3.SA,CEMIG       ON      N1,19.91,2021-08-16,2022-03-24,220 days 00:00:00.000000000,42.48,2022-03-07,17 days 00:00:00.000000000,15.01,7.73,35.34,27.62,1.33,203,27.47,88.32,13.53,False,False,78.89
161,bov,BBAS3.SA,BRASIL      ON      NM,35.32,2021-09-20,2022-02-18,151 days 00:00:00.000000000,25.83,2022-01-05,78 days 00:00:00.000000000,23.03,51.66,89.16,37.51,2.44,73,2.8,29.52,3.83,False,True,60.18
162,bov,BRAP4.SA,BRADESPAR   PN      N1,34.49,2021-12-09,2022-03-21,102 days 00:00:00.000000000,51.53,2021-12-09,105 days 00:00:00.000000000,46.08,102.94,89.43,-13.51,6.16,-3,5.45,43.89,-181.53,False,True,50.27
163,bov,CRFB3.SA,CARREFOUR BRON      NM,21.99,2021-03-03,2021-06-10,99 days 00:00:00.000000000,27.3,2022-01-07,76 days 00:00:00.000000000,44.65,76.77,163.54,86.77,1.91,23,-17.35,58.75,-75.43,False,True,78.52
164,bov,MYPK3.SA,"IOCHP,MAXIONON      NM",12.71,2021-08-17,2021-10-18,62 days 00:00:00.000000000,34.11,2022-03-07,17 days 00:00:00.000000000,8.16,27.42,23.92,-3.5,5.31,45,25.95,47.98,57.66,False,True,69.37
165,bov,JBSS3.SA,JBS         ON      NM,36.79,2022-02-07,2022-02-15,8 days 00:00:00.000000000,12.43,2022-03-07,17 days 00:00:00.000000000,2.82,212.5,22.69,-189.81,0.12,-9,9.61,16.59,-106.76,False,True,56.7
166,bov,GRND3.SA,GRENDENE    ON      NM,9.62,2022-01-05,2022-03-18,72 days 00:00:00.000000000,22.74,2022-03-07,17 days 00:00:00.000000000,20.9,23.61,91.93,68.32,1.37,55,1.83,122.95,3.33,False,True,77.26
167,bov,SHOW3.SA,TIME FOR FUNON      NM,3.48,2021-08-16,2021-09-03,18 days 00:00:00.000000000,10.74,2022-01-24,59 days 00:00:00.000000000,20.08,327.78,186.94,-140.84,1.32,-41,-9.34,34.04,22.78,False,True,59.6
168,bov,FLRY3.SA,FLEURY      ON      NM,15.73,2022-01-05,2022-01-31,26 days 00:00:00.000000000,21.89,2022-03-23,1 days 00:00:00.000000000,-2.91,3.85,-13.28,-17.13,-0.73,25,24.8,-290.82,99.21,True,False,37.85
169,bov,AGRO3.SA,BRASILAGRO  ON      NM,32.31,2021-08-17,2022-03-07,202 days 00:00:00.000000000,42.2,2021-12-01,113 days 00:00:00.000000000,33.42,55.94,79.2,23.26,3.56,89,8.78,29.58,9.87,True,False,39.89
170,bov,CYRE3.SA,CYRELA REALTON      NM,17.62,2021-12-01,2022-03-24,113 days 00:00:00.000000000,29.7,2022-03-07,17 days 00:00:00.000000000,21.25,15.04,71.55,56.5,1.29,96,8.45,125.0,8.8,False,False,73.85
171,bov,CEBR3.SA,CEB         ON,14.78,2021-10-11,2021-10-14,3 days 00:00:00.000000000,-294.11,2022-03-16,8 days 00:00:00.000000000,8.76,266.67,-2.98,-269.64,-0.01,-5,-302.87,109.5,6057.48,False,True,45.88
172,bov,CPLE3.SA,COPEL       ON      N2,6.82,2021-10-29,2022-03-22,144 days 00:00:00.000000000,25.79,2022-02-24,28 days 00:00:00.000000000,8.22,19.44,31.88,12.44,2.79,116,17.57,29.36,15.14,False,True,65.66
173,bov,TRPL4.SA,TRAN PAULISTPN      N1,26.7,2021-08-19,2022-03-24,217 days 00:00:00.000000000,21.22,2022-01-13,70 days 00:00:00.000000000,12.58,32.26,59.26,27.01,2.28,147,8.64,17.96,5.88,False,False,69.68
174,bov,MTSA4.SA,METISA      PN,37.17,2021-09-22,2021-10-28,36 days 00:00:00.000000000,15.3,2022-03-15,9 days 00:00:00.000000000,-1.13,25.0,-7.39,-32.39,-0.22,27,16.43,-12.56,60.85,False,True,54.92
175,bov,EMBR3.SA,EMBRAER     ON      NM,15.42,2021-12-01,2022-01-03,33 days 00:00:00.000000000,29.65,2022-03-14,10 days 00:00:00.000000000,16.0,30.3,53.95,23.64,2.38,23,13.66,159.97,59.37,True,False,43.86
176,bov,ABCB4.SA,ABC BRASIL  PN      N2,16.62,2021-09-29,2021-12-10,72 days 00:00:00.000000000,19.95,2022-01-05,78 days 00:00:00.000000000,6.32,108.33,31.67,-76.66,0.41,-6,13.63,8.1,-227.21,False,True,67.24
177,bov,BRML3.SA,BR MALLS PARON      NM,9.47,2022-01-11,2022-02-15,35 days 00:00:00.000000000,33.02,2022-03-21,3 days 00:00:00.000000000,9.5,8.57,28.77,20.19,1.5,32,23.52,316.61,73.5,False,True,56.39
178,bov,SLCE3.SA,SLC AGRICOLAON      NM,48.71,2021-08-31,2022-03-07,188 days 00:00:00.000000000,38.58,2021-12-20,94 days 00:00:00.000000000,36.11,50.0,93.6,43.6,2.2,94,2.47,38.42,2.63,True,False,42.05
179,bov,NTCO3.SA,GRUPO NATURAON      NM,25.9,2021-05-12,2021-07-12,61 days 00:00:00.000000000,22.21,2022-01-18,65 days 00:00:00.000000000,25.06,106.56,112.81,6.25,21.49,-4,-2.84,38.55,71.11,False,True,61.73
180,bov,SEER3.SA,SER EDUCA   ON      NM,11.62,2022-01-05,2022-02-02,28 days 00:00:00.000000000,19.08,2022-03-16,8 days 00:00:00.000000000,14.56,28.57,76.35,47.78,1.63,20,4.51,182.05,22.56,False,True,61.76
181,bov,FRAS3.SA,FRAS-LE     ON      N1,13.96,2021-05-27,2021-08-09,74 days 00:00:00.000000000,44.64,2022-03-08,16 days 00:00:00.000000000,7.12,21.62,15.95,-5.67,2.39,58,37.52,44.51,64.69,False,True,58.35
182,bov,PCAR3.SA,P.ACUCAR-CBDON      NM,24.49,2022-01-07,2022-03-24,76 days 00:00:00.000000000,24.58,2022-02-21,31 days 00:00:00.000000000,15.18,40.79,61.78,20.99,3.09,45,9.39,48.98,20.88,False,False,54.47
183,bov,TEND3.SA,TENDA       ON      NM,8.82,2022-01-10,2022-01-26,16 days 00:00:00.000000000,10.83,2022-03-14,10 days 00:00:00.000000000,-2.2,62.5,-20.27,-82.77,-0.24,6,13.03,-21.96,217.15,True,False,33.86
184,bov,SMTO3.SA,SAO MARTINHOON      NM,46.28,2021-09-08,2022-03-18,191 days 00:00:00.000000000,46.5,2022-01-10,73 days 00:00:00.000000000,33.65,38.22,72.36,34.14,2.18,118,12.85,46.1,10.89,False,True,61.01
185,bov,SBFG3.SA,GRUPO SBF   ON      NM,22.69,2021-03-09,2021-07-12,125 days 00:00:00.000000000,59.51,2022-03-15,9 days 00:00:00.000000000,18.64,7.2,31.32,24.12,1.35,116,40.87,207.12,35.23,False,True,60.0
186,bov,BRFS3.SA,BRF SA      ON      NM,16.97,2021-12-01,2022-01-17,47 days 00:00:00.000000000,23.74,2022-03-07,17 days 00:00:00.000000000,10.74,36.17,45.24,9.07,5.61,30,13.0,63.17,43.33,False,True,59.72
187,bov,EMAE4.SA,EMAE        PN,43.0,2021-12-03,2021-12-30,27 days 00:00:00.000000000,39.8,2022-03-15,9 days 00:00:00.000000000,7.32,33.33,18.39,-14.94,1.15,18,32.48,81.32,180.43,False,True,48.13
188,bov,BIOM3.SA,BIOMM       ON      MA,12.49,2021-08-18,2021-10-04,47 days 00:00:00.000000000,27.62,2022-03-24,0 days 00:00:00.000000000,-1.19,0.0,-4.3,-4.3,-0.81,47,28.81,-inf,61.3,True,False,27.3
189,bov,SULA11.SA,SUL AMERICA UNT     N2,34.75,2021-10-06,2022-02-24,141 days 00:00:00.000000000,50.8,2022-01-18,65 days 00:00:00.000000000,50.49,46.1,99.38,53.28,1.9,76,0.32,77.67,0.42,False,True,57.21
190,bov,YDUQ3.SA,YDUQS PART  ON      NM,19.23,2022-01-10,2022-02-15,36 days 00:00:00.000000000,20.86,2022-03-17,7 days 00:00:00.000000000,16.71,19.44,80.1,60.65,1.34,29,4.15,238.68,14.32,False,True,48.57
191,bov,RENT3.SA,LOCALIZA    ON      NM,59.16,2022-01-18,2022-02-22,35 days 00:00:00.000000000,20.79,2022-03-16,8 days 00:00:00.000000000,10.93,22.86,52.57,29.72,1.83,27,9.86,136.63,36.52,False,True,66.72
192,bov,AZUL4.SA,AZUL        PN      N2,23.16,2021-12-01,2022-02-16,77 days 00:00:00.000000000,26.67,2022-03-07,17 days 00:00:00.000000000,9.28,22.08,34.82,12.74,2.97,60,17.38,54.61,28.97,False,True,54.61
193,bov,GOLL4.SA,GOL         PN      N2,16.24,2022-01-10,2022-02-16,37 days 00:00:00.000000000,23.63,2022-03-07,17 days 00:00:00.000000000,12.29,45.95,52.03,6.08,10.24,20,11.34,72.32,56.68,False,True,56.66
194,bov,IGTI3.SA,IGUATEMI S.AON      N1,2.65,2021-10-21,2022-01-28,99 days 00:00:00.000000000,28.81,2022-03-15,9 days 00:00:00.000000000,17.08,9.09,59.3,50.2,1.21,90,11.73,189.8,13.03,False,True,66.33
195,bov,ALSO3.SA,ALIANSCSONAEON      NM,22.56,2021-10-29,2022-02-16,110 days 00:00:00.000000000,19.33,2022-01-10,73 days 00:00:00.000000000,20.62,66.36,106.71,40.35,2.71,37,-1.3,28.25,-3.51,False,True,57.84
196,bov,BEEF3.SA,MINERVA     ON      NM,11.75,2021-12-01,2022-03-16,105 days 00:00:00.000000000,34.55,2022-02-03,49 days 00:00:00.000000000,27.1,46.67,78.43,31.76,2.55,56,7.45,55.3,13.31,False,True,63.39
197,bov,COGN3.SA,COGNA ON    ON      NM,2.31,2022-01-10,2022-01-31,21 days 00:00:00.000000000,22.67,2022-03-16,8 days 00:00:00.000000000,9.29,38.1,40.97,2.87,21.9,13,13.38,116.08,102.94,False,True,57.83
198,bov,PRIO3.SA,PETRORIO    ON      NM,26.11,2021-08-17,2022-03-03,198 days 00:00:00.000000000,62.54,2022-01-05,78 days 00:00:00.000000000,26.58,39.39,42.51,3.11,20.11,120,35.96,34.08,29.96,False,True,40.94
199,bov,HYPE3.SA,HYPERA      ON      NM,37.15,2021-12-01,2022-03-24,113 days 00:00:00.000000000,33.56,2022-01-11,72 days 00:00:00.000000000,33.53,63.72,99.92,36.21,2.84,41,0.03,46.57,0.06,False,False,80.18
200,bov,SAPR4.SA,SANEPAR     PN      N2,4.07,2021-03-01,2021-03-19,18 days 00:00:00.000000000,12.19,2022-01-10,73 days 00:00:00.000000000,13.92,405.56,114.24,-291.31,0.39,-55,-1.74,19.07,3.16,False,True,48.57
201,bov,BRKM5.SA,BRASKEM     PNA     N1,46.6,2021-11-17,2021-12-07,20 days 00:00:00.000000000,33.96,2022-03-08,16 days 00:00:00.000000000,3.28,80.0,9.65,-70.35,0.14,4,30.68,20.47,767.06,False,True,46.99
202,bov,MILS3.SA,MILLS       ON      NM,7.15,2021-10-29,2022-03-24,146 days 00:00:00.000000000,42.03,2022-01-18,65 days 00:00:00.000000000,27.21,44.52,64.75,20.23,3.37,81,14.81,41.86,18.29,False,False,60.7
203,bov,OIBR3.SA,OI          ON      N1,0.83,2022-01-10,2022-01-31,21 days 00:00:00.000000000,43.23,2022-03-14,10 days 00:00:00.000000000,5.21,47.62,12.05,-35.56,0.33,11,38.02,52.12,345.65,False,True,48.39
204,bov,JHSF3.SA,JHSF PART   ON      NM,6.33,2022-01-13,2022-03-24,70 days 00:00:00.000000000,32.43,2022-03-07,17 days 00:00:00.000000000,23.66,24.29,72.96,48.67,1.53,53,8.77,139.19,16.55,False,False,75.81
205,bov,UCAS3.SA,UNICASA     ON      NM,3.68,2021-03-24,2021-06-14,82 days 00:00:00.000000000,33.14,2022-03-16,8 days 00:00:00.000000000,6.66,9.76,20.09,10.33,2.15,74,26.48,83.2,35.79,False,True,47.26
206,bov,MULT3.SA,MULTIPLAN   ON      N2,24.27,2022-01-10,2022-03-24,73 days 00:00:00.000000000,39.1,2022-03-16,8 days 00:00:00.000000000,21.07,10.96,53.89,42.93,1.29,65,18.03,263.39,27.73,False,False,71.84
207,bov,EZTC3.SA,EZTEC       ON      NM,19.23,2022-01-10,2022-01-27,17 days 00:00:00.000000000,18.78,2022-03-11,13 days 00:00:00.000000000,15.03,76.47,80.04,3.57,31.15,4,3.75,115.63,93.71,False,False,68.13
208,bov,LPSB3.SA,LOPES BRASILON      NM,4.05,2021-03-10,2021-05-11,62 days 00:00:00.000000000,47.09,2022-01-06,77 days 00:00:00.000000000,73.34,124.19,155.74,31.54,5.1,-15,-26.25,95.25,174.99,False,True,71.04
209,bov,MGLU3.SA,MAGAZ LUIZA ON      NM,6.6,2021-05-21,2021-07-16,56 days 00:00:00.000000000,25.59,2022-03-15,9 days 00:00:00.000000000,22.88,16.07,89.4,73.32,1.24,47,2.71,254.22,5.78,False,True,53.77
210,bov,VIIA3.SA,VIA         ON      NM,3.82,2021-03-09,2021-06-28,111 days 00:00:00.000000000,35.71,2022-03-14,10 days 00:00:00.000000000,17.81,9.01,49.87,40.86,1.25,101,17.9,178.09,17.72,False,True,57.81
211,bov,ANIM3.SA,ANIMA       ON      NM,6.98,2022-01-24,2022-01-31,7 days 00:00:00.000000000,15.77,2022-03-18,6 days 00:00:00.000000000,12.08,85.71,76.6,-9.11,7.58,1,3.69,201.38,369.02,False,True,46.07
212,bov,MOVI3.SA,MOVIDA      ON      NM,16.8,2021-10-29,2021-12-10,42 days 00:00:00.000000000,21.14,2022-01-10,73 days 00:00:00.000000000,22.68,173.81,107.25,-66.56,1.59,-31,-1.53,31.06,4.95,False,True,66.99
213,bov,ELET3.SA,ELETROBRAS  ON      N1,36.18,2021-09-08,2021-10-18,40 days 00:00:00.000000000,8.32,2022-01-10,73 days 00:00:00.000000000,18.85,182.5,226.59,44.09,5.26,-33,-10.53,25.82,31.91,False,True,58.21
214,bov,B3SA3.SA,B3          ON      NM,14.58,2021-06-10,2021-07-14,34 days 00:00:00.000000000,5.88,2022-01-03,80 days 00:00:00.000000000,31.33,235.29,532.9,297.61,1.8,-46,-25.45,39.16,55.33,False,True,56.2
215,bov,KLBN11.SA,KLABIN S/A  UNT     N2,26.6,2021-10-19,2022-03-24,156 days 00:00:00.000000000,19.31,2022-02-24,28 days 00:00:00.000000000,16.44,17.95,85.15,67.2,1.29,128,2.87,58.73,2.24,False,True,72.46
216,bov,ROMI3.SA,INDS ROMI   ON      NM,13.88,2021-11-18,2021-12-23,35 days 00:00:00.000000000,25.07,2022-03-14,10 days 00:00:00.000000000,12.88,28.57,51.35,22.78,2.36,25,12.2,128.76,48.79,False,True,54.58
217,bov,IRBR3.SA,IRBBRASIL REON      NM,3.24,2021-03-09,2021-05-13,65 days 00:00:00.000000000,11.32,2022-03-15,9 days 00:00:00.000000000,12.4,13.85,109.55,95.7,1.16,56,-1.08,137.75,-1.93,False,True,57.45
218,bov,PTBL3.SA,PORTOBELLO  ON      NM,9.91,2022-01-24,2022-03-24,59 days 00:00:00.000000000,20.9,2022-03-14,10 days 00:00:00.000000000,25.08,16.95,120.02,103.07,1.18,49,-4.18,250.82,-8.54,False,False,68.77
219,bov,RNEW3.SA,RENOVA      ON      N2,1.89,2022-01-05,2022-02-04,30 days 00:00:00.000000000,19.96,2022-03-15,9 days 00:00:00.000000000,5.76,30.0,28.86,-1.14,13.52,21,14.2,64.01,67.61,True,False,43.42
220,bov,ENAT3.SA,ENAUTA PART ON      NM,23.58,2021-11-19,2022-03-23,124 days 00:00:00.000000000,65.86,2022-01-06,77 days 00:00:00.000000000,64.49,62.1,97.92,35.83,2.81,47,1.37,83.75,2.91,False,True,66.5
221,bov,AMER3.SA,AMERICANAS  ON      NM,30.4,2021-12-14,2022-02-15,63 days 00:00:00.000000000,32.22,2022-03-15,9 days 00:00:00.000000000,25.25,14.29,78.37,64.09,1.24,54,6.97,280.56,12.9,False,True,50.97
222,bov,ITSA3.SA,ITAUSA      ON      N1,10.86,2021-03-01,2021-06-07,98 days 00:00:00.000000000,17.71,2022-01-03,80 days 00:00:00.000000000,18.72,81.63,105.68,24.05,4.58,18,-1.01,23.39,-5.59,False,False,71.63
223,bov,SQIA3.SA,SINQIA      ON      NM,18.37,2022-01-18,2022-02-01,14 days 00:00:00.000000000,34.68,2022-03-14,10 days 00:00:00.000000000,22.54,71.43,64.99,-6.44,8.74,4,12.14,225.39,303.51,False,True,64.3
224,bov,MRFG3.SA,MARFRIG     ON      NM,20.95,2021-12-09,2022-01-25,47 days 00:00:00.000000000,16.47,2022-02-03,49 days 00:00:00.000000000,-2.11,104.26,-12.83,-117.08,-0.11,-2,18.58,-4.31,-929.04,True,False,49.91
225,bov,TCNO4.SA,TECNOSOLO   PN,1.23,2021-12-15,2022-01-06,22 days 00:00:00.000000000,132.7,2022-03-08,16 days 00:00:00.000000000,16.26,72.73,12.25,-60.47,0.2,6,116.44,101.62,1940.64,False,True,60.0
226,bov,BIDI3.SA,BANCO INTER ON      N2,6.82,2021-06-15,2021-07-21,36 days 00:00:00.000000000,27.76,2022-03-24,0 days 00:00:00.000000000,-28.74,0.0,-103.51,-103.51,-0.99,36,56.5,-inf,156.93,False,False,17.14
227,bov,BIDI4.SA,BANCO INTER PN      N2,7.15,2021-06-08,2021-07-21,43 days 00:00:00.000000000,28.65,2022-03-24,0 days 00:00:00.000000000,-24.66,0.0,-86.05,-86.05,-0.99,43,53.31,-inf,123.98,False,False,28.36
228,bov,BIDI11.SA,BANCO INTER UNT     N2,21.32,2021-06-15,2021-07-21,36 days 00:00:00.000000000,29.59,2022-03-24,0 days 00:00:00.000000000,-25.58,0.0,-86.46,-86.46,-0.99,36,55.18,-inf,153.26,False,False,28.32
229,bov,EVEN3.SA,EVEN        ON      NM,6.25,2021-12-01,2022-02-01,62 days 00:00:00.000000000,23.6,2022-03-07,17 days 00:00:00.000000000,10.03,27.42,42.49,15.07,3.02,45,13.57,58.98,30.16,False,True,60.47
230,bov,HBOR3.SA,HELBOR      ON      NM,3.8,2021-03-09,2021-06-07,90 days 00:00:00.000000000,27.49,2022-03-14,10 days 00:00:00.000000000,19.7,11.11,71.66,60.55,1.2,80,7.79,197.0,9.74,False,True,60.61
231,bov,ENGI3.SA,ENERGISA    ON      N2,16.77,2021-09-28,2022-03-24,177 days 00:00:00.000000000,20.94,2022-01-14,69 days 00:00:00.000000000,26.49,38.98,126.49,87.5,1.46,108,-5.55,38.39,-5.14,False,False,75.31
232,bov,FHER3.SA,FER HERINGERON      NM,16.93,2021-08-17,2021-09-15,29 days 00:00:00.000000000,80.68,2022-02-23,29 days 00:00:00.000000000,19.33,100.0,23.96,-76.04,0.31,0,61.35,66.67,inf,False,True,40.6
233,bov,ALUP11.SA,ALUPAR      UNT     N2,27.46,2021-03-03,2021-06-04,93 days 00:00:00.000000000,23.33,2022-01-10,73 days 00:00:00.000000000,15.54,78.49,66.59,-11.91,5.16,20,7.8,21.28,38.98,False,False,78.65
234,bov,AZEV4.SA,AZEVEDO     PN,3.34,2021-11-30,2021-12-23,23 days 00:00:00.000000000,43.07,2022-02-23,29 days 00:00:00.000000000,21.13,126.09,49.07,-77.02,0.63,-6,21.94,72.87,-365.59,False,True,62.09
235,bov,FESA4.SA,FERBASA     PN      N1,50.06,2021-11-26,2021-12-13,17 days 00:00:00.000000000,17.99,2022-02-23,29 days 00:00:00.000000000,18.16,170.59,100.92,-69.67,1.43,-12,-0.17,62.61,1.38,False,True,52.54
236,bov,BBRK3.SA,BR BROKERS  ON      NM,1.12,2021-06-11,2021-06-23,12 days 00:00:00.000000000,96.94,2022-01-19,64 days 00:00:00.000000000,20.16,533.33,20.79,-512.54,0.04,-52,76.79,31.5,-147.66,False,False,61.29
237,bov,ENMT3.SA,ENERGISA MT ON,82.95,2021-12-28,2022-03-23,85 days 00:00:00.000000000,5.68,2022-02-02,50 days 00:00:00.000000000,6.35,58.82,111.76,52.94,2.15,35,-0.67,12.7,-1.91,False,False,88.6
238,bov,BMEB4.SA,MERC BRASIL PN      N1,10.5,2021-11-10,2022-02-23,105 days 00:00:00.000000000,31.34,2022-03-24,0 days 00:00:00.000000000,-0.47,0.0,-1.51,-1.51,-0.6,105,31.82,-inf,30.3,True,False,35.0
239,bov,VIVR3.SA,VIVER       ON      NM,1.2,2022-01-10,2022-01-31,21 days 00:00:00.000000000,18.41,2022-03-14,10 days 00:00:00.000000000,33.78,47.62,183.48,135.86,1.36,11,-15.37,337.77,-139.71,False,False,75.93
240,bov,RCSL4.SA,RECRUSUL    PN,1.0,2021-12-06,2021-12-14,8 days 00:00:00.000000000,10.32,2022-03-17,7 days 00:00:00.000000000,8.67,87.5,84.08,-3.42,19.04,1,1.64,123.92,164.2,True,False,38.1
241,bov,TECN3.SA,TECHNOS     ON      NM,2.65,2022-01-10,2022-02-08,29 days 00:00:00.000000000,36.55,2022-03-15,9 days 00:00:00.000000000,25.66,31.03,70.22,39.19,1.84,20,10.88,285.15,54.42,False,True,71.43
242,bov,CRIV3.SA,ALFA FINANC ON,4.97,2021-12-30,2022-01-27,28 days 00:00:00.000000000,10.14,2022-03-11,13 days 00:00:00.000000000,2.25,46.43,22.19,-24.24,0.88,15,7.89,17.31,52.6,False,True,57.79
243,bov,HETA4.SA,HERCULES    PN,7.42,2021-09-03,2021-11-24,82 days 00:00:00.000000000,45.69,2022-03-18,6 days 00:00:00.000000000,4.59,7.32,10.04,2.72,5.82,76,41.1,76.46,54.08,True,False,43.91
244,bov,RRRP3.SA,3R PETROLEUMON      NM,39.9,2021-09-20,2021-10-05,15 days 00:00:00.000000000,23.51,2021-11-26,118 days 00:00:00.000000000,34.67,786.67,147.46,-639.2,0.23,-103,-11.16,29.38,10.83,False,True,55.28
245,bov,AERI3.SA,AERIS       ON      NM,6.02,2022-01-06,2022-02-01,26 days 00:00:00.000000000,11.16,2022-03-15,9 days 00:00:00.000000000,9.87,34.62,88.46,53.84,1.67,17,1.29,109.67,7.58,False,True,52.74
246,bov,AESB3.SA,AES BRASIL  ON      NM,12.02,2021-08-11,2021-09-01,21 days 00:00:00.000000000,14.4,2022-01-10,73 days 00:00:00.000000000,16.28,347.62,113.12,-234.5,0.48,-52,-1.89,22.31,3.63,False,False,70.18
247,bov,AALR3.SA,ALLIAR      ON      NM,17.9,2021-11-18,2021-11-26,8 days 00:00:00.000000000,44.06,2022-01-10,73 days 00:00:00.000000000,37.51,912.5,85.14,-827.36,0.1,-65,6.55,51.39,-10.07,False,True,58.49
248,bov,AMBP3.SA,AMBIPAR     ON      NM,36.85,2022-01-18,2022-02-02,15 days 00:00:00.000000000,15.3,2022-03-08,16 days 00:00:00.000000000,18.73,106.67,122.41,15.74,8.3,-1,-3.43,117.07,342.94,False,False,64.27
249,bov,ARZZ3.SA,AREZZO CO   ON      NM,86.72,2022-01-10,2022-02-15,36 days 00:00:00.000000000,26.62,2022-03-07,17 days 00:00:00.000000000,11.46,47.22,43.04,-4.19,8.3,19,15.17,67.4,79.82,False,False,71.95
250,bov,BPAN4.SA,BANCO PAN   PN      N1,10.81,2021-03-24,2021-06-23,91 days 00:00:00.000000000,88.8,2022-02-04,48 days 00:00:00.000000000,17.94,52.75,20.2,-32.54,0.6,43,70.86,37.38,164.79,False,True,59.42
251,bov,BRSR6.SA,BANRISUL    PNB     N1,10.96,2021-03-24,2021-06-02,70 days 00:00:00.000000000,22.54,2021-12-22,92 days 00:00:00.000000000,20.85,131.43,92.52,-38.91,2.32,-22,1.69,22.67,-7.66,False,False,70.64
252,bov,BKBR3.SA,BK BRASIL   ON      NM,7.5,2021-10-29,2021-11-11,13 days 00:00:00.000000000,21.63,2022-01-10,73 days 00:00:00.000000000,35.64,561.54,164.76,-396.78,0.41,-60,-14.01,48.82,23.35,False,False,68.79
253,bov,CEAB3.SA,CEA MODAS   ON      NM,5.54,2022-01-06,2022-01-31,25 days 00:00:00.000000000,22.03,2022-03-11,13 days 00:00:00.000000000,21.17,52.0,96.11,44.11,2.23,12,0.86,162.84,7.15,False,True,63.29
254,bov,CESP6.SA,CESP        PNB     N1,24.9,2021-10-07,2021-11-03,27 days 00:00:00.000000000,11.48,2022-01-06,77 days 00:00:00.000000000,23.03,285.19,200.61,-84.57,2.34,-50,-11.55,29.91,23.1,False,False,69.38
255,bov,BMGB4.SA,BANCO BMG   PN      N1,3.0,2021-12-01,2022-01-20,50 days 00:00:00.000000000,25.74,2022-03-07,17 days 00:00:00.000000000,9.85,34.0,38.26,4.26,11.73,33,15.89,57.94,48.16,False,True,69.57
256,bov,CSMG3.SA,COPASA      ON      NM,14.65,2021-03-09,2021-05-24,76 days 00:00:00.000000000,28.75,2022-01-10,73 days 00:00:00.000000000,24.76,96.05,86.11,-9.95,7.87,3,4.0,33.92,133.18,False,True,56.97
257,bov,PNVL3.SA,DIMED       ON      NM,13.21,2022-01-06,2022-02-02,27 days 00:00:00.000000000,24.76,2022-03-15,9 days 00:00:00.000000000,17.11,33.33,69.09,35.76,1.99,18,7.65,190.11,42.52,False,True,53.67
258,bov,DIRR3.SA,DIRECIONAL  ON      NM,11.63,2022-01-19,2022-02-03,15 days 00:00:00.000000000,28.81,2022-03-17,7 days 00:00:00.000000000,9.1,46.67,31.6,-15.07,1.97,8,19.7,130.04,246.3,False,True,51.17
259,bov,ECOR3.SA,ECORODOVIAS ON      NM,7.7,2022-01-05,2022-01-31,26 days 00:00:00.000000000,12.58,2022-03-07,17 days 00:00:00.000000000,19.82,65.38,157.48,92.1,1.73,9,-7.23,116.58,-80.38,False,True,73.91
260,bov,ENBR3.SA,ENERGIAS BR ON      NM,23.15,2022-01-06,2022-03-24,77 days 00:00:00.000000000,15.99,2022-02-11,41 days 00:00:00.000000000,13.72,53.25,85.83,32.58,2.72,36,2.27,33.47,6.29,False,False,87.78
261,bov,SOMA3.SA,GRUPO SOMA  ON      NM,14.57,2022-01-10,2022-03-24,73 days 00:00:00.000000000,36.39,2022-03-14,10 days 00:00:00.000000000,21.23,13.7,58.34,44.64,1.34,63,15.16,212.29,24.07,False,False,63.88
262,bov,HBSA3.SA,HIDROVIAS   ON      NM,3.28,2021-12-01,2021-12-28,27 days 00:00:00.000000000,26.55,2022-03-07,17 days 00:00:00.000000000,15.06,62.96,56.72,-6.25,7.83,10,11.49,88.57,114.91,False,False,66.41
263,bov,LWSA3.SA,LOCAWEB     ON      NM,9.63,2021-06-07,2021-07-22,45 days 00:00:00.000000000,14.96,2022-03-14,10 days 00:00:00.000000000,13.61,22.22,90.95,68.73,1.34,35,1.35,136.06,3.87,False,True,54.55
264,bov,VAMO3.SA,VAMOS       ON      NM,12.35,2022-01-18,2022-02-15,28 days 00:00:00.000000000,21.38,2022-03-11,13 days 00:00:00.000000000,14.08,46.43,65.85,19.42,3.57,15,7.3,108.28,48.66,False,False,65.92
265,bov,RDOR3.SA,REDE D OR   ON      NM,52.43,2021-07-21,2021-08-24,34 days 00:00:00.000000000,13.89,2022-01-18,65 days 00:00:00.000000000,29.52,191.18,212.57,21.39,10.42,-31,-15.63,45.42,50.43,False,True,57.54
266,bov,NGRD3.SA,NEOGRID     ON      NM,2.54,2021-06-30,2021-07-06,6 days 00:00:00.000000000,22.02,2022-01-10,73 days 00:00:00.000000000,11.64,1216.67,52.85,-1163.82,0.05,-67,10.38,15.95,-15.5,False,True,49.09
267,bov,TUPY3.SA,TUPY        ON      NM,18.08,2021-09-20,2021-11-11,52 days 00:00:00.000000000,14.03,2022-03-14,10 days 00:00:00.000000000,5.63,19.23,40.09,20.86,2.02,42,8.41,56.26,20.02,False,True,43.85
268,bov,SBSP3.SA,SABESP      ON      NM,46.15,2021-08-18,2022-03-24,218 days 00:00:00.000000000,36.99,2022-01-10,73 days 00:00:00.000000000,27.07,33.49,73.18,39.7,1.89,145,9.92,37.08,6.84,False,True,68.88
269,bov,CXSE3.SA,CAIXA SEGURION      NM,8.64,2022-01-05,2022-02-14,40 days 00:00:00.000000000,16.37,2022-03-16,8 days 00:00:00.000000000,11.16,20.0,68.2,48.2,1.44,32,5.2,139.5,16.27,False,True,57.37
270,bov,SIMH3.SA,SIMPAR      ON      NM,11.53,2021-12-01,2021-12-17,16 days 00:00:00.000000000,18.04,2022-01-18,65 days 00:00:00.000000000,23.04,406.25,127.67,-278.58,0.46,-49,-4.99,35.44,10.19,False,False,70.1
271,bov,VIVA3.SA,VIVARA S.A. ON      NM,27.13,2021-08-17,2021-08-30,13 days 00:00:00.000000000,9.16,2022-01-10,73 days 00:00:00.000000000,22.8,561.54,248.75,-312.79,0.79,-60,-13.63,31.23,22.72,False,True,54.8
272,bov,WIZS3.SA,WIZ S.A.    ON      NM,8.71,2022-01-18,2022-03-24,65 days 00:00:00.000000000,21.0,2022-03-07,17 days 00:00:00.000000000,21.16,26.15,100.76,74.6,1.37,48,-0.16,124.45,-0.33,False,True,77.29
273,bov,SULA3.SA,SUL AMERICA ON      N2,12.04,2021-10-06,2022-02-25,142 days 00:00:00.000000000,51.2,2022-01-24,59 days 00:00:00.000000000,50.54,41.55,98.72,57.17,1.76,83,0.66,85.66,0.79,False,True,54.18
274,bov,SAPR11.SA,SANEPAR     UNT     N2,20.36,2021-03-01,2021-03-25,24 days 00:00:00.000000000,13.02,2022-01-10,73 days 00:00:00.000000000,15.56,304.17,119.46,-184.7,0.64,-49,-2.53,21.31,5.17,False,True,48.25
275,bov,SOJA3.SA,BOA SAFRA   ON      NM,14.07,2022-01-26,2022-03-02,35 days 00:00:00.000000000,11.09,2022-03-24,0 days 00:00:00.000000000,-2.63,0.0,-23.72,-23.72,-0.96,35,13.72,-inf,39.19,True,False,31.9
276,bov,PSSA3.SA,PORTO SEGUROON      NM,20.27,2022-01-24,2022-02-16,23 days 00:00:00.000000000,11.86,2022-03-14,10 days 00:00:00.000000000,4.38,43.48,36.97,-6.5,4.93,13,7.47,43.85,57.49,False,True,44.81
277,bov,FRTA3.SA,POMIFRUTAS  ON      NM,4.68,2021-10-25,2021-12-20,56 days 00:00:00.000000000,7.28,2022-03-21,3 days 00:00:00.000000000,2.53,5.36,34.75,29.39,1.22,53,4.75,84.27,8.96,True,False,45.65
278,bov,CPFE3.SA,CPFL ENERGIAON      NM,33.34,2021-10-22,2022-03-24,153 days 00:00:00.000000000,30.48,2022-01-06,77 days 00:00:00.000000000,27.74,50.33,91.0,40.67,2.29,76,2.74,36.03,3.61,False,True,84.88
279,bov,BBSE3.SA,BBSEGURIDADEON      NM,24.4,2022-01-12,2022-03-24,71 days 00:00:00.000000000,27.9,2022-03-08,16 days 00:00:00.000000000,10.01,22.54,35.86,13.33,2.91,55,17.9,62.54,32.54,False,False,76.88
280,bov,RCSL3.SA,RECRUSUL    ON,3.51,2021-10-21,2022-01-03,74 days 00:00:00.000000000,29.6,2022-03-14,10 days 00:00:00.000000000,11.68,13.51,39.44,25.92,1.58,64,17.93,116.75,28.01,False,True,48.57
281,bov,EGIE3.SA,ENGIE BRASILON      NM,43.11,2021-08-05,2022-03-24,231 days 00:00:00.000000000,21.31,2022-01-06,77 days 00:00:00.000000000,15.81,33.33,74.2,40.87,1.86,154,5.5,20.54,3.57,False,False,84.87
282,bov,ODPV3.SA,ODONTOPREV  ON      NM,12.23,2021-03-10,2021-09-30,204 days 00:00:00.000000000,33.57,2022-02-25,27 days 00:00:00.000000000,0.8,13.24,2.39,-10.85,0.2,177,32.77,2.97,18.51,False,True,57.25
283,bov,UGPA3.SA,ULTRAPAR    ON      NM,14.75,2022-01-18,2022-02-16,29 days 00:00:00.000000000,21.37,2022-03-14,10 days 00:00:00.000000000,18.31,34.48,85.7,51.21,1.71,19,3.06,183.11,16.09,False,True,57.19
284,bov,RANI3.SA,IRANI       ON      NM,6.88,2021-10-04,2021-10-18,14 days 00:00:00.000000000,18.39,2022-02-23,29 days 00:00:00.000000000,17.73,207.14,96.46,-110.69,0.86,-15,0.65,61.15,-4.34,False,True,70.81
285,bov,DXCO3.SA,DEXCO       ON      NM,18.87,2021-08-18,2021-12-15,119 days 00:00:00.000000000,4.81,2021-08-31,205 days 00:00:00.000000000,7.28,172.27,151.35,-20.92,6.9,-86,-2.47,3.55,2.87,False,False,
286,bov,PETZ3.SA,PETZ        ON      NM,18.8,2021-07-28,2021-08-25,28 days 00:00:00.000000000,23.82,2022-01-05,78 days 00:00:00.000000000,30.99,278.57,130.11,-148.46,0.87,-50,-7.17,39.73,14.34,False,True,56.3
287,bov,VBBR3.SA,VIBRA       ON      NM,24.42,2022-01-10,2022-02-16,37 days 00:00:00.000000000,25.03,2022-03-15,9 days 00:00:00.000000000,13.21,24.32,52.77,28.44,1.92,28,11.82,146.75,42.22,False,True,63.81
288,bov,CMIN3.SA,CSNMINERACAOON      N2,6.14,2021-11-03,2022-01-04,62 days 00:00:00.000000000,37.68,2022-03-16,8 days 00:00:00.000000000,7.35,12.9,19.49,6.59,3.49,54,30.34,91.82,56.18,True,False,36.49
289,bov,STBP3.SA,SANTOS BRP  ON      NM,7.71,2022-01-17,2022-03-24,66 days 00:00:00.000000000,31.1,2022-03-07,17 days 00:00:00.000000000,24.57,25.76,78.99,53.23,1.51,49,6.54,144.51,13.34,False,False,75.76
290,bov,GOAU4.SA,GERDAU MET  PN      N1,12.45,2022-01-06,2022-03-24,77 days 00:00:00.000000000,12.12,2022-02-24,28 days 00:00:00.000000000,22.44,36.36,185.09,148.73,1.25,49,-10.32,80.15,-21.06,False,True,60.15
291,bov,ESPA3.SA,ESPACOLASER ON      NM,5.37,2021-08-17,2021-09-06,20 days 00:00:00.000000000,16.06,2022-03-14,10 days 00:00:00.000000000,38.69,50.0,240.88,190.88,1.27,10,-22.63,386.9,-226.28,False,False,73.1
292,bov,UNIP6.SA,UNIPAR      PNB,104.94,2021-11-04,2022-03-21,137 days 00:00:00.000000000,47.67,2022-01-21,62 days 00:00:00.000000000,14.91,45.26,31.29,-13.97,2.09,75,32.76,24.05,43.68,False,True,65.08
293,bov,PARD3.SA,IHPARDINI   ON      NM,19.03,2022-01-07,2022-02-01,25 days 00:00:00.000000000,25.96,2022-03-15,9 days 00:00:00.000000000,12.86,36.0,49.53,13.53,3.95,16,13.1,142.88,81.89,False,True,65.78
294,commodities,GC=F,Gold Apr 22,1956.2,2021-09-29,2022-03-08,160 days 00:00:00.000000000,16.62,2021-12-02,113 days 00:00:00.000000000,9.74,70.62,58.62,-12.01,4.51,47,6.88,8.62,14.64,False,True,43.83
295,commodities,MGC=F,"Micro Gold Futures,Jun-2022",1961.0,2021-09-29,2022-03-08,160 days 00:00:00.000000000,16.77,2021-12-02,113 days 00:00:00.000000000,9.99,70.62,59.56,-11.07,4.94,47,6.78,8.84,14.43,False,True,44.26
296,commodities,PL=F,Platinum Apr 22,1027.5,2021-09-20,2022-03-08,169 days 00:00:00.000000000,23.6,2021-12-15,100 days 00:00:00.000000000,13.57,59.17,57.52,-1.65,21.66,69,10.03,13.57,14.53,True,False,33.41
297,commodities,PA=F,Palladium Jun 22,2532.5,2021-12-16,2022-03-04,78 days 00:00:00.000000000,68.61,2022-03-24,1 days 00:00:00.000000000,0.68,1.28,0.99,-0.29,0.77,77,67.93,67.88,88.23,True,False,30.87
298,commodities,CL=F,Crude Oil May 22,109.89,2021-08-23,2022-03-08,197 days 00:00:00.000000000,72.83,2021-12-01,114 days 00:00:00.000000000,54.85,57.87,75.3,17.43,4.58,83,17.99,48.11,21.67,False,True,42.71
299,commodities,HO=F,Heating Oil Apr 22,4.07,2021-08-23,2022-03-08,197 days 00:00:00.000000000,89.01,2021-11-30,115 days 00:00:00.000000000,71.28,58.38,80.08,21.71,3.87,82,17.73,61.98,21.62,False,True,52.24
300,commodities,NG=F,Natural Gas Apr 22,5.4,2021-04-06,2021-10-05,182 days 00:00:00.000000000,96.89,2021-12-30,85 days 00:00:00.000000000,50.04,46.7,51.65,4.95,13.09,97,46.85,58.87,48.3,False,True,66.15
301,commodities,RB=F,RBOB Gasoline Apr 22,3.33,2021-09-09,2022-03-08,180 days 00:00:00.000000000,58.41,2021-12-01,114 days 00:00:00.000000000,55.38,63.33,94.8,31.47,3.11,66,3.04,48.58,4.6,False,True,43.05
302,commodities,BZ=F,Brent Crude Oil Last Day Financ,116.53,2021-08-23,2022-03-08,197 days 00:00:00.000000000,71.31,2021-12-01,114 days 00:00:00.000000000,54.45,57.87,76.35,18.48,4.37,83,16.87,47.76,20.32,False,True,45.25
303,commodities,ZC=F,"Corn Futures,May-2022",744.0,2020-08-07,2021-05-07,273 days 00:00:00.000000000,93.44,2021-09-13,193 days 00:00:00.000000000,41.19,70.7,44.08,-26.61,1.6,80,52.25,21.34,65.32,True,False,48.82
304,commodities,ZO=F,"Oat Futures,May-2022",708.0,2022-01-14,2022-02-09,26 days 00:00:00.000000000,22.04,2022-02-25,28 days 00:00:00.000000000,8.78,107.69,39.82,-67.87,0.58,-2,13.26,31.35,-663.2,False,True,51.59
305,commodities,KE=F,"KC HRW Wheat Futures,May-2022",1075.25,2021-09-10,2022-03-07,178 days 00:00:00.000000000,63.89,2022-01-14,70 days 00:00:00.000000000,38.09,39.33,59.61,20.28,3.09,108,25.81,54.41,23.9,True,False,33.89
306,commodities,ZR=F,"Rough Rice Futures,May-2022",1601.0,2021-11-08,2022-03-15,127 days 00:00:00.000000000,20.23,2021-12-15,99 days 00:00:00.000000000,15.94,77.95,78.77,0.81,422.64,28,4.3,16.1,15.34,False,True,47.69
307,commodities,ZM=F,"Soybean Meal Futures,May-2022",486.2,2021-04-13,2022-03-14,335 days 00:00:00.000000000,31.16,2021-10-12,164 days 00:00:00.000000000,46.45,48.96,149.08,100.12,1.5,171,-15.29,28.32,-8.94,False,True,56.09
308,commodities,ZL=F,"Soybean Oil Futures,May-2022",73.68,2021-09-20,2022-03-11,172 days 00:00:00.000000000,40.08,2021-12-14,101 days 00:00:00.000000000,34.19,58.72,85.32,26.59,3.33,71,5.88,33.85,8.29,True,False,39.86
309,commodities,ZS=F,"Soybean Futures,May-2022",1689.75,2020-08-10,2022-03-23,590 days 00:00:00.000000000,72.61,2021-11-08,137 days 00:00:00.000000000,35.84,23.22,49.35,26.13,1.96,453,36.77,26.16,8.12,False,True,53.66
310,commodities,GF=F,"Feeder Cattle Futures,May-2022",156.77,2022-01-28,2022-02-15,18 days 00:00:00.000000000,6.06,2022-03-10,14 days 00:00:00.000000000,1.79,77.78,29.56,-48.22,0.6,4,4.27,12.8,106.8,False,True,63.77
311,commodities,HE=F,"Lean Hogs Futures,Apr-2022",102.78,2021-09-14,2022-02-22,161 days 00:00:00.000000000,36.86,2021-12-08,106 days 00:00:00.000000000,38.46,65.84,104.34,38.5,2.78,55,-1.6,36.28,-2.91,False,True,57.21
312,commodities,LE=F,"Live Cattle Futures,Apr-2022",139.68,2021-06-01,2022-02-22,266 days 00:00:00.000000000,22.38,2022-03-10,14 days 00:00:00.000000000,1.56,5.26,6.98,1.72,9.7,252,20.81,11.16,8.26,False,True,62.7
313,commodities,CC=F,Cocoa May 22,2583.0,2021-11-30,2022-02-10,72 days 00:00:00.000000000,19.07,2022-03-15,9 days 00:00:00.000000000,0.64,12.5,3.38,-9.12,0.33,63,18.42,7.16,29.24,False,True,50.1
314,commodities,KC=F,Coffee May 22,221.85,2022-01-03,2022-02-16,44 days 00:00:00.000000000,11.45,2022-03-15,9 days 00:00:00.000000000,1.15,20.45,10.06,-10.4,0.88,35,10.3,12.8,29.43,True,False,47.8
315,commodities,LBS=F,Lumber May 22,1020.0,2021-11-16,2022-03-03,107 days 00:00:00.000000000,107.15,2022-03-24,0 days 00:00:00.000000000,-3.25,0.0,-3.04,-3.04,-0.75,107,110.41,-inf,103.18,True,False,20.28
316,commodities,OJ=F,Orange Juice May 22,149.2,2021-11-04,2022-01-27,84 days 00:00:00.000000000,33.75,2022-02-16,36 days 00:00:00.000000000,11.76,42.86,34.85,-8.01,3.87,48,21.98,32.67,45.8,False,True,51.92
317,etf,ECOO11.SA,ISHARES ECOOCI,103.38,2022-01-10,2022-03-24,73 days 00:00:00.000000000,13.52,2022-03-15,9 days 00:00:00.000000000,9.07,12.33,67.09,54.77,1.25,64,4.45,100.8,6.95,False,False,66.89
318,etf,IVVB11.SA,ISHARE SP500CI,237.5,2021-06-24,2021-12-29,188 days 00:00:00.000000000,27.38,2022-03-08,16 days 00:00:00.000000000,1.6,8.51,5.85,-2.66,1.6,172,25.78,10.02,14.99,True,False,47.89
319,etf,MATB11.SA,IT NOW IMAT CI,66.1,2021-11-05,2022-03-18,133 days 00:00:00.000000000,27.96,2022-02-24,28 days 00:00:00.000000000,11.89,21.05,42.52,21.46,2.08,105,16.07,42.45,15.31,False,True,51.98
320,etf,XINA11.SA,TREND CHINA CI,6.43,2021-07-27,2021-10-21,86 days 00:00:00.000000000,11.85,2022-03-14,10 days 00:00:00.000000000,7.46,11.63,62.99,51.36,1.25,76,4.39,74.63,5.77,True,False,44.09
321,etf,GOLD11.SA,TREND OURO  CI,10.18,2021-08-10,2021-11-19,101 days 00:00:00.000000000,13.84,2022-03-23,1 days 00:00:00.000000000,1.0,0.99,7.21,6.22,1.38,100,12.84,99.76,12.84,True,False,37.78
322,etf,SPXI11.SA,IT NOW SPXI CI,232.5,2021-06-24,2021-12-29,188 days 00:00:00.000000000,26.53,2022-03-08,16 days 00:00:00.000000000,2.02,8.51,7.61,-0.9,4.0,172,24.51,12.62,14.25,False,True,49.09
323,etf,BCHI39.SA,MSCI CHINA  DRN,32.75,2021-07-27,2021-10-21,86 days 00:00:00.000000000,12.99,2022-03-15,9 days 00:00:00.000000000,13.13,10.47,101.13,90.67,1.13,77,-0.15,145.92,-0.19,True,False,44.05
324,etf,BIAU39.SA,GOLD TRUST  DRN,44.26,2021-12-10,2022-03-08,88 days 00:00:00.000000000,5.29,2022-03-24,0 days 00:00:00.000000000,-1.45,0.0,-27.35,-27.35,-0.96,88,6.74,-inf,7.66,True,False,32.0
325,futures,GC=F,Gold Apr 22,1957.0,2021-09-29,2022-03-08,160 days 00:00:00.000000000,16.62,2021-12-02,113 days 00:00:00.000000000,9.78,70.62,58.86,-11.76,4.61,47,6.84,8.66,14.55,False,True,43.94
326,futures,MGC=F,"Micro Gold Futures,Jun-2022",1961.0,2021-09-29,2022-03-08,160 days 00:00:00.000000000,16.77,2021-12-02,113 days 00:00:00.000000000,9.99,70.62,59.56,-11.07,4.94,47,6.78,8.84,14.43,False,True,44.26
327,futures,PL=F,Platinum Apr 22,1027.8,2021-09-20,2022-03-08,169 days 00:00:00.000000000,23.6,2021-12-15,100 days 00:00:00.000000000,13.6,59.17,57.64,-1.53,22.77,69,10.0,13.6,14.49,True,False,33.45
328,futures,ZC=F,"Corn Futures,May-2022",744.5,2020-08-07,2021-05-07,273 days 00:00:00.000000000,93.44,2021-09-13,193 days 00:00:00.000000000,41.26,70.7,44.15,-26.54,1.6,80,52.19,21.38,65.23,True,False,48.93
329,futures,ZO=F,"Oat Futures,May-2022",708.0,2022-01-14,2022-02-09,26 days 00:00:00.000000000,22.04,2022-02-25,28 days 00:00:00.000000000,8.78,107.69,39.82,-67.87,0.58,-2,13.26,31.35,-663.2,False,True,51.59
330,futures,KE=F,"KC HRW Wheat Futures,May-2022",1080.25,2021-09-10,2022-03-07,178 days 00:00:00.000000000,63.89,2022-01-14,70 days 00:00:00.000000000,38.54,39.33,60.32,21.0,3.02,108,25.35,55.06,23.47,True,False,34.23
331,futures,ZR=F,"Rough Rice Futures,May-2022",1601.0,2021-11-08,2022-03-15,127 days 00:00:00.000000000,20.23,2021-12-15,99 days 00:00:00.000000000,15.94,77.95,78.77,0.81,422.64,28,4.3,16.1,15.34,False,True,47.69
332,futures,ZM=F,"Soybean Meal Futures,May-2022",486.3,2021-04-13,2022-03-14,335 days 00:00:00.000000000,31.16,2021-10-12,164 days 00:00:00.000000000,46.47,48.96,149.14,100.19,1.5,171,-15.31,28.33,-8.95,False,True,56.12
333,futures,ZL=F,"Soybean Oil Futures,May-2022",73.77,2021-09-20,2022-03-11,172 days 00:00:00.000000000,40.08,2021-12-14,101 days 00:00:00.000000000,34.31,58.72,85.62,26.9,3.31,71,5.76,33.97,8.12,True,False,40.03
334,futures,ZS=F,"Soybean Futures,May-2022",1690.75,2020-08-10,2022-03-23,590 days 00:00:00.000000000,72.61,2021-11-08,137 days 00:00:00.000000000,35.89,23.22,49.43,26.21,1.96,453,36.72,26.2,8.1,False,True,53.91
335,futures,HE=F,"Lean Hogs Futures,Apr-2022",102.78,2021-09-14,2022-02-22,161 days 00:00:00.000000000,36.86,2021-12-08,106 days 00:00:00.000000000,38.46,65.84,104.34,38.5,2.78,55,-1.6,36.28,-2.91,False,True,57.21
336,futures,LE=F,"Live Cattle Futures,Apr-2022",139.68,2021-06-01,2022-02-22,266 days 00:00:00.000000000,22.38,2022-03-10,14 days 00:00:00.000000000,1.56,5.26,6.98,1.72,9.7,252,20.81,11.16,8.26,False,True,62.7
337,futures,CC=F,Cocoa May 22,2583.0,2021-11-30,2022-02-10,72 days 00:00:00.000000000,19.07,2022-03-15,9 days 00:00:00.000000000,0.64,12.5,3.38,-9.12,0.33,63,18.42,7.16,29.24,False,True,50.1
338,futures,KC=F,Coffee May 22,221.85,2022-01-03,2022-02-16,44 days 00:00:00.000000000,11.45,2022-03-15,9 days 00:00:00.000000000,1.15,20.45,10.06,-10.4,0.88,35,10.3,12.8,29.43,True,False,47.8
339,futures,LBS=F,Lumber May 22,1020.0,2021-11-16,2022-03-03,107 days 00:00:00.000000000,107.15,2022-03-24,0 days 00:00:00.000000000,-3.25,0.0,-3.04,-3.04,-0.75,107,110.41,-inf,103.18,True,False,20.28
340,futures,OJ=F,Orange Juice May 22,149.2,2021-11-04,2022-01-27,84 days 00:00:00.000000000,33.75,2022-02-16,36 days 00:00:00.000000000,11.76,42.86,34.85,-8.01,3.87,48,21.98,32.67,45.8,False,True,51.92
341,futures,DX-Y.NYB,US Dollar/USDX - Index - Cash,98.66,2021-01-05,2022-03-07,426 days 00:00:00.000000000,10.13,2021-05-25,304 days 00:00:00.000000000,9.51,71.36,93.85,22.49,4.37,122,0.62,3.13,0.51,False,True,43.07
342,futures,CL=F,Crude Oil May 22,109.84,2021-08-23,2022-03-08,197 days 00:00:00.000000000,72.83,2021-12-01,114 days 00:00:00.000000000,54.8,57.87,75.24,17.37,4.6,83,18.03,48.07,21.73,False,True,42.68
343,futures,BZ=F,Brent Crude Oil Last Day Financ,116.66,2021-08-23,2022-03-08,197 days 00:00:00.000000000,71.31,2021-12-01,114 days 00:00:00.000000000,54.55,57.87,76.5,18.63,4.34,83,16.76,47.86,20.19,False,True,45.34
344,futures,GF=F,"Feeder Cattle Futures,May-2022",156.77,2022-01-28,2022-02-15,18 days 00:00:00.000000000,6.06,2022-03-10,14 days 00:00:00.000000000,1.79,77.78,29.56,-48.22,0.6,4,4.27,12.8,106.8,False,True,63.77
345,futures,HG=F,Copper May 22,4.73,2021-08-19,2022-03-04,197 days 00:00:00.000000000,19.84,2021-12-15,100 days 00:00:00.000000000,11.66,50.76,58.78,8.02,8.37,97,8.18,11.66,8.43,False,True,50.79
346,futures,HO=F,Heating Oil Apr 22,4.07,2021-08-23,2022-03-08,197 days 00:00:00.000000000,89.01,2021-11-30,115 days 00:00:00.000000000,71.28,58.38,80.08,21.71,3.87,82,17.73,61.98,21.62,False,True,52.24
347,futures,NG=F,Natural Gas Apr 22,5.39,2021-04-06,2021-10-05,182 days 00:00:00.000000000,96.89,2021-12-30,85 days 00:00:00.000000000,49.84,46.7,51.44,4.74,13.77,97,47.05,58.63,48.5,False,True,65.74
348,futures,NQ=F,Nasdaq 100 Jun 22,14740.0,2021-10-04,2021-11-19,46 days 00:00:00.000000000,11.72,2022-03-14,11 days 00:00:00.000000000,10.55,23.91,90.04,66.13,1.38,35,1.17,95.92,3.33,False,True,70.87
349,futures,PA=F,Palladium Jun 22,2532.5,2021-12-16,2022-03-04,78 days 00:00:00.000000000,68.61,2022-03-24,1 days 00:00:00.000000000,0.68,1.28,0.99,-0.29,0.77,77,67.93,67.88,88.23,True,False,30.87
350,futures,RB=F,RBOB Gasoline Apr 22,3.33,2021-09-09,2022-03-08,180 days 00:00:00.000000000,58.41,2021-12-01,114 days 00:00:00.000000000,55.51,63.33,95.04,31.7,3.1,66,2.9,48.7,4.39,False,True,43.16
351,futures,RTY=F,E-mini Russell 2000 Index Futur,2068.5,2021-08-19,2021-11-08,81 days 00:00:00.000000000,12.89,2022-01-27,57 days 00:00:00.000000000,5.34,70.37,41.42,-28.96,1.38,24,7.55,9.37,31.47,False,True,67.24
352,futures,SB=F,Sugar #11 May 22,19.37,2021-09-27,2021-11-17,51 days 00:00:00.000000000,7.12,2022-02-25,28 days 00:00:00.000000000,5.76,54.9,80.91,26.01,3.24,23,1.36,20.57,5.91,False,True,51.85
353,futures,SI=F,Silver May 22,25.88,2021-09-29,2022-03-08,160 days 00:00:00.000000000,19.8,2021-12-15,100 days 00:00:00.000000000,18.09,62.5,91.36,28.86,3.28,60,1.71,18.09,2.85,False,True,51.1
354,futures,SIL=F,"Micro Silver Futures,May-2022",25.88,2021-09-29,2022-03-08,160 days 00:00:00.000000000,19.8,2021-12-15,100 days 00:00:00.000000000,18.09,62.5,91.36,28.86,3.28,60,1.71,18.09,2.85,False,True,51.1
355,futures,YM=F,Mini Dow Jones Indus.-$5 Jun 22,34594.0,2021-09-30,2022-01-04,96 days 00:00:00.000000000,7.05,2022-03-08,17 days 00:00:00.000000000,5.46,17.71,77.41,59.7,1.32,79,1.59,32.1,2.02,False,True,73.32
356,futures,ZB=F,"U.S. Treasury Bond Futures,Jun-",149.25,2022-02-15,2022-03-07,20 days 00:00:00.000000000,3.85,2022-03-25,0 days 00:00:00.000000000,-0.06,0.0,-1.63,-1.63,-0.62,20,3.92,-inf,19.59,True,False,24.13
357,futures,ZF=F,Five-Year US Treasury Note Futu,114.89,2021-07-13,2021-08-03,21 days 00:00:00.000000000,0.67,2022-03-25,0 days 00:00:00.000000000,-0.46,0.0,-68.9,-68.9,-0.99,21,1.13,-inf,5.37,True,False,9.32
358,futures,CT=F,Cotton May 22,131.36,2021-12-20,2022-03-25,95 days 00:00:00.000000000,21.13,2022-03-10,15 days 00:00:00.000000000,7.96,15.79,37.66,21.87,1.8,80,13.17,53.05,16.46,False,True,70.42
359,futures,ES=F,E-Mini S&P 500 Jun 22,4509.0,2021-10-04,2022-01-03,91 days 00:00:00.000000000,9.94,2022-03-08,17 days 00:00:00.000000000,7.27,18.68,73.1,54.42,1.37,74,2.67,42.75,3.61,False,True,72.17
360,futures,ZN=F,"10-Year T-Note Futures,Jun-2022",122.83,2021-03-31,2021-08-02,124 days 00:00:00.000000000,2.89,2022-03-25,0 days 00:00:00.000000000,-0.08,0.0,-2.64,-2.64,-0.73,124,2.97,-inf,2.39,True,False,9.02
361,futures,ZT=F,"2-Year T-Note Futures,Jun-2022",106.12,2021-08-24,2021-09-03,10 days 00:00:00.000000000,0.07,2022-03-25,0 days 00:00:00.000000000,-0.55,0.0,-780.21,-780.21,-1.0,10,0.62,-inf,6.24,False,False,5.56
362,futures,BTC=F,"Bitcoin Futures,Mar-2022",44240.0,2021-09-29,2021-11-09,41 days 00:00:00.000000000,51.3,2022-02-03,50 days 00:00:00.000000000,20.3,121.95,39.57,-82.38,0.47,-9,31.0,40.6,-344.44,False,True,70.95
